datetime,aqi_xgb,aqi_lgb,aqi_lstm,aqi_avg
2026-10-02 14:00:00+00:00,17.560331,17.49687155035165,15.506694,16.85463224499433
2026-10-02 15:00:00+00:00,17.560331,17.491927303356274,15.399921,16.8173933550657
2026-10-02 16:00:00+00:00,17.322012,17.491927303356274,15.301487,16.70514207332742
2026-10-02 17:00:00+00:00,17.296148,17.53805415409897,15.2112055,16.68180264558426
2026-10-02 18:00:00+00:00,17.27654,17.53805415409897,15.128879,16.647824501256462
2026-10-02 19:00:00+00:00,17.30057,17.595659839377824,15.0543,16.650176560635707
2026-10-02 20:00:00+00:00,17.302244,17.595659839377824,14.987251,16.628385102505824
2026-10-02 21:00:00+00:00,17.319262,17.595659839377824,14.927512,16.61414451972181
2026-10-02 22:00:00+00:00,17.320892,17.595659839377824,14.874854,16.59713542039726
2026-10-02 23:00:00+00:00,17.389986,17.595659839377824,14.829054,16.604899918790004
2026-10-03 00:00:00+00:00,16.94756,17.365284058366345,17.760159,17.35766731795805
2026-10-03 01:00:00+00:00,17.217052,17.35605680594279,17.526587,17.36656526608412
2026-10-03 02:00:00+00:00,16.975496,17.39945858171792,17.30282,17.225925026506886
2026-10-03 03:00:00+00:00,17.135149,17.43166143839918,17.088804,17.21853822848983
2026-10-03 04:00:00+00:00,17.146637,17.43166143839918,16.884474,17.15425740064966
2026-10-03 05:00:00+00:00,17.206007,17.458813100324612,16.689749,17.118189622715626
2026-10-03 06:00:00+00:00,17.02784,17.458813100324612,16.504543,16.9970653551375
2026-10-03 07:00:00+00:00,17.043219,17.3178058808035,16.328768,16.89659742332122
2026-10-03 08:00:00+00:00,17.618837,17.3178058808035,16.162334,17.03299255983652
2026-10-03 09:00:00+00:00,17.653818,17.32097502335981,16.005146,16.993313060154765
2026-10-03 10:00:00+00:00,17.569576,17.355557018872386,15.8571,16.927410938460394
2026-10-03 11:00:00+00:00,17.569576,17.40502684206935,15.718081,16.897561526600427
2026-10-03 12:00:00+00:00,17.56718,17.40502684206935,15.587971,16.85339273641895
2026-10-03 13:00:00+00:00,17.56718,17.380362683232658,15.466629,16.80472411503263
2026-10-03 14:00:00+00:00,17.561102,17.220743498764058,15.353905,16.711916712112433
2026-10-03 15:00:00+00:00,17.561102,17.215799251768683,15.249629,16.675510061970584
2026-10-03 16:00:00+00:00,17.322783,17.215799251768683,15.153622,16.564067813944053
2026-10-03 17:00:00+00:00,17.296919,17.236937322295017,15.065685,16.533180487843456
2026-10-03 18:00:00+00:00,17.277311,17.236937322295017,14.98561,16.49995288520267
2026-10-03 19:00:00+00:00,17.30134,17.29454300757387,14.913173,16.503018610862025
2026-10-03 20:00:00+00:00,17.303015,17.29454300757387,14.848147,16.481901718365283
2026-10-03 21:00:00+00:00,17.319262,17.29454300757387,14.790292,16.468032114890345
2026-10-03 22:00:00+00:00,17.320892,17.29454300757387,14.739368,16.451601260092982
2026-10-03 23:00:00+00:00,17.389986,17.29454300757387,14.695136,16.459888372011115
2026-10-04 00:00:00+00:00,16.932795,17.27943096738948,17.56969,17.26063874755268
2026-10-04 01:00:00+00:00,17.202288,17.27297291349626,17.339163,17.27147447132818
2026-10-04 02:00:00+00:00,16.960732,17.31637468927139,17.118427,17.131844490743457
2026-10-04 03:00:00+00:00,17.120384,17.34857754595265,16.907421,17.125460958107265
2026-10-04 04:00:00+00:00,17.131872,17.34857754595265,16.70607,17.062173223121913
2026-10-04 05:00:00+00:00,17.191242,17.375729207878084,16.514294,17.02708836551665
2026-10-04 06:00:00+00:00,17.013075,17.375729207878084,16.332003,16.906935574175506
2026-10-04 07:00:00+00:00,17.028454,17.234721988356974,16.15911,16.807428310287285
2026-10-04 08:00:00+00:00,17.604073,17.234721988356974,15.9955225,16.94477235274741
2026-10-04 09:00:00+00:00,17.639053,17.237891130913283,15.841146,16.906030314918684
2026-10-04 10:00:00+00:00,17.554811,17.272473126425858,15.695875,16.841053257311223
2026-10-04 11:00:00+00:00,17.554811,17.33917864900108,15.559594,16.817861427006708
2026-10-04 12:00:00+00:00,17.552416,17.33917864900108,15.432179,16.774591315922724
2026-10-04 13:00:00+00:00,17.552416,17.314514490164388,15.313486,16.726805479061955
2026-10-04 14:00:00+00:00,17.546337,17.15489530569579,15.203357,16.634863058746742
2026-10-04 15:00:00+00:00,17.546337,17.11391940598056,15.101617,16.587291131034046
2026-10-04 16:00:00+00:00,17.308018,17.11391940598056,15.008071,16.476669360811066
2026-10-04 17:00:00+00:00,17.282154,17.12444614796518,14.922514,16.443038064336374
2026-10-04 18:00:00+00:00,17.262547,17.12444614796518,14.844721,16.41057117590864
2026-10-04 19:00:00+00:00,17.286575,17.182051833244035,14.774457,16.41436137615703
2026-10-04 20:00:00+00:00,17.28825,17.182051833244035,14.711478,16.39392667868795
2026-10-04 21:00:00+00:00,17.304497,17.182051833244035,14.655534,16.380694129656376
2026-10-04 22:00:00+00:00,17.306128,17.182051833244035,14.606368,16.364849148780724
2026-10-04 23:00:00+00:00,17.375221,17.182051833244035,14.563726,16.37366650361878
2026-10-05 00:00:00+00:00,16.932795,17.27943096738948,17.38111,17.197778258661078
2026-10-05 01:00:00+00:00,17.202288,17.27297291349626,17.153605,17.209621698297582
2026-10-05 02:00:00+00:00,16.960732,17.31637468927139,16.935883,17.070996254659473
2026-10-05 03:00:00+00:00,17.120384,17.34857754595265,16.727875,17.065612172706874
2026-10-05 04:00:00+00:00,17.131872,17.34857754595265,16.529501,17.00331689479346
2026-10-05 05:00:00+00:00,17.191242,17.375729207878084,16.340673,16.96921495751698
2026-10-05 06:00:00+00:00,17.013075,17.375729207878084,16.161306,16.850036821327198
2026-10-05 07:00:00+00:00,17.028454,17.234721988356974,15.991307,16.751494357955742
2026-10-05 08:00:00+00:00,17.604073,17.234721988356974,15.8305855,16.889793346298028
2026-10-05 09:00:00+00:00,17.639053,17.237891130913283,15.679042,16.851995446042547
2026-10-05 10:00:00+00:00,17.554811,17.272473126425858,15.536571,16.787951717699407
2026-10-05 11:00:00+00:00,17.554811,17.33917864900108,15.403056,16.765682090458856
2026-10-05 12:00:00+00:00,17.552416,17.33917864900108,15.278365,16.72331987732409
2026-10-05 13:00:00+00:00,17.552416,17.314514490164388,15.16235,16.67642667962348
