hour,day,month,pm25,pm10,co,no2,so2,o3,nh3,aqi_change_rate
19,25,6,38.11,184.85,88.7,0.09,0.48,57.93,0.0,0.5200000000000102
14,2,7,17.58,72.18,72.56,0.09,0.41,42.72,0.0,-0.5499999999999972
11,23,6,33.7,152.53,80.53,0.06,0.48,52.18,0.0,0.6700000000000017
12,18,6,22.03,99.71,81.56,0.05,0.4,53.88,0.0,-4.900000000000006
7,17,7,26.7,119.74,76.35,0.06,0.43,42.53,0.0,-1.789999999999992
11,24,7,23.56,98.1,75.97,0.04,0.39,44.98,0.0,0.0999999999999943
7,17,6,37.0,150.07,83.61,0.05,0.36,51.98,0.0,0.4599999999999937
23,1,8,20.9,85.73,72.95,0.08,0.38,45.66,0.0,-3.1700000000000017
19,13,7,19.17,82.68,79.11,0.08,0.37,43.46,0.0,0.1300000000000096
19,28,6,8.53,11.06,74.03,0.1,0.14,50.18,0.0,1.5799999999999983
9,22,7,14.19,53.08,71.98,0.04,0.25,45.64,0.0,-0.980000000000004
3,24,7,20.1,82.2,78.46,0.08,0.39,48.71,0.0,-2.440000000000012
0,19,7,20.02,75.4,79.98,0.09,0.33,42.89,0.0,0.5699999999999932
23,15,7,28.89,127.73,78.42,0.1,0.47,42.58,0.0,1.960000000000008
7,27,6,42.28,157.43,87.64,0.12,0.27,54.09,0.22,1.0300000000000011
19,23,6,32.3,140.28,77.35,0.12,0.57,48.36,0.0,1.6200000000000043
21,19,7,14.86,61.45,89.6,0.1,0.38,42.15,0.0,-0.2800000000000011
3,15,7,25.6,110.63,79.99,0.11,0.49,43.34,0.0,-0.4200000000000017
23,24,7,27.96,108.27,76.0,0.09,0.45,43.93,0.0,-0.9500000000000028
12,11,6,9.89,36.4,78.44,0.04,0.27,42.03,0.0,-0.6700000000000017
8,14,6,22.08,97.83,77.33,0.06,0.48,47.35,0.0,-0.1900000000000119
13,16,7,24.18,107.45,74.51,0.06,0.4,38.58,0.0,-0.6599999999999966
15,6,7,30.89,144.89,72.51,0.11,0.62,47.78,0.0,0.2999999999999971
17,12,7,13.12,52.16,78.05,0.07,0.27,42.69,0.0,-0.5799999999999983
13,4,7,29.31,93.89,76.15,0.09,0.24,47.32,0.1,1.509999999999991
4,15,7,25.31,110.05,80.65,0.1,0.47,44.16,0.0,-0.6099999999999994
4,17,7,28.99,119.36,77.43,0.09,0.43,43.78,0.0,-1.2800000000000011
17,30,6,21.88,106.9,69.51,0.11,0.49,39.02,0.0,0.0
14,4,6,23.5,114.44,76.93,0.06,0.39,51.0,0.0,-2.1099999999999994
6,30,7,31.49,158.04,69.27,0.06,0.68,50.7,0.0,0.3400000000000034
23,11,6,9.12,36.81,74.52,0.06,0.32,41.07,0.0,0.6199999999999974
21,12,6,9.97,45.09,71.34,0.08,0.41,36.95,0.0,1.4099999999999966
19,1,8,26.18,118.47,73.78,0.09,0.46,42.67,0.0,0.5
3,7,7,36.49,172.79,72.11,0.12,0.6,55.08,0.0,-0.3400000000000034
1,18,7,23.05,99.88,79.77,0.07,0.33,42.17,0.0,0.0700000000000073
6,23,6,34.99,155.69,82.9,0.07,0.5,57.64,0.0,0.3200000000000074
4,18,6,33.55,135.79,81.6,0.08,0.45,54.58,0.0,-2.8200000000000074
5,29,7,23.42,117.98,70.87,0.07,0.64,49.88,0.0,0.6800000000000068
4,10,6,5.97,22.71,76.9,0.04,0.2,44.22,0.01,0.629999999999999
17,5,6,9.03,44.56,74.22,0.06,0.21,47.81,0.0,-1.5900000000000034
22,24,6,40.85,153.11,87.26,0.1,0.6,61.51,0.0,1.8700000000000043
9,25,6,39.44,158.29,94.44,0.08,0.59,70.14,0.0,-2.489999999999995
5,8,6,12.27,60.16,80.64,0.03,0.19,58.29,0.0,51.36
3,27,7,31.42,155.91,69.39,0.09,0.6,50.1,0.0,-2.1200000000000045
23,15,6,27.03,124.22,81.51,0.08,0.38,57.66,0.0,0.6800000000000068
0,20,7,15.46,65.3,83.17,0.11,0.39,39.78,0.0,1.3900000000000006
7,13,7,18.32,66.38,81.67,0.06,0.26,42.24,0.0,1.8699999999999972
1,12,7,16.04,63.59,75.55,0.09,0.3,43.11,0.0,0.990000000000002
19,12,6,9.29,41.85,71.47,0.08,0.41,36.51,0.0,1.25
10,22,7,13.73,49.78,72.11,0.04,0.24,44.6,0.0,-0.9699999999999988
17,16,6,37.41,174.73,82.92,0.08,0.28,53.36,0.0,1.4000000000000057
21,20,7,26.88,128.22,76.32,0.09,0.41,47.59,0.0,3.260000000000005
7,2,6,0.0,0.0,86.61,0.05,0.5,59.62,0.0,-113.34
16,5,7,31.28,109.16,79.07,0.11,0.47,58.06,0.0,-6.72999999999999
17,9,6,3.93,15.92,72.13,0.06,0.2,36.86,0.0,-0.1999999999999993
4,20,7,16.19,65.33,81.46,0.11,0.35,40.8,0.0,0.2899999999999991
16,19,6,20.13,85.38,79.99,0.09,0.48,50.16,0.0,1.519999999999996
20,4,7,31.89,129.35,79.14,0.1,0.39,53.24,0.0,-1.4699999999999989
3,14,7,24.2,93.36,81.26,0.09,0.36,47.91,0.0,2.1700000000000017
0,10,7,29.47,130.51,75.94,0.1,0.55,47.5,0.0,-2.0
11,16,6,31.21,142.66,82.96,0.05,0.22,52.97,0.0,1.6400000000000006
3,20,6,28.3,123.05,75.93,0.08,0.52,49.67,0.0,0.3799999999999954
19,8,6,5.82,26.95,79.49,0.05,0.22,49.85,0.0,-2.460000000000001
2,15,7,25.8,110.95,79.26,0.11,0.52,42.49,0.0,-0.039999999999992
7,12,7,18.73,75.99,72.78,0.06,0.33,39.04,0.0,0.519999999999996
10,28,7,27.18,136.49,69.75,0.08,0.62,45.41,0.0,0.9199999999999876
3,2,8,18.18,67.12,75.01,0.08,0.34,50.09,0.0,-0.6100000000000065
18,16,6,37.74,177.51,82.77,0.08,0.3,53.86,0.0,0.8199999999999932
12,14,7,25.73,113.83,75.57,0.06,0.44,41.09,0.0,-1.8299999999999983
11,4,6,27.66,135.85,78.49,0.04,0.37,53.79,0.0,-4.230000000000004
2,29,6,9.71,12.54,75.47,0.11,0.16,50.53,0.0,0.4200000000000017
0,3,6,48.11,219.44,92.93,0.07,0.42,70.95,0.0,1.5300000000000011
21,1,8,23.97,105.1,71.83,0.09,0.43,43.18,0.0,-3.1200000000000045
10,7,6,14.92,77.64,78.21,0.03,0.19,46.91,0.0,-1.8500000000000012
18,17,6,32.74,146.21,82.16,0.08,0.43,48.6,0.0,-0.6300000000000097
12,18,7,19.59,78.33,76.63,0.06,0.24,38.3,0.0,-1.0999999999999943
0,23,7,14.35,52.64,82.5,0.08,0.29,47.89,0.0,0.0799999999999983
23,14,7,25.29,105.23,78.9,0.1,0.51,42.48,0.0,0.6099999999999994
18,4,7,32.82,123.95,80.13,0.1,0.33,53.13,0.0,0.25
5,22,7,14.89,56.07,72.41,0.06,0.26,50.46,0.0,0.2999999999999971
16,1,8,23.78,100.2,79.83,0.09,0.43,44.45,0.0,2.25
14,30,6,22.04,100.86,70.71,0.1,0.48,40.52,0.0,-2.3999999999999915
10,8,6,11.59,54.12,80.41,0.03,0.19,53.57,0.0,-1.3400000000000034
3,23,6,33.97,148.5,78.64,0.09,0.51,51.86,0.0,-0.4200000000000017
2,26,7,30.01,107.48,73.1,0.08,0.43,52.77,0.0,-1.5600000000000025
22,26,7,36.78,176.41,70.22,0.09,0.64,50.22,0.0,-2.219999999999999
1,1,8,27.56,126.12,75.87,0.1,0.52,45.35,0.0,-3.280000000000001
7,14,7,27.66,112.91,79.4,0.05,0.37,45.5,0.0,1.0100000000000051
0,16,6,27.03,123.09,81.49,0.08,0.38,57.98,0.0,0.0
23,27,7,30.37,158.1,70.06,0.1,0.61,44.71,0.0,-1.2199999999999989
23,20,7,28.78,134.18,74.34,0.09,0.41,46.8,0.0,1.2399999999999949
8,15,6,24.32,105.2,76.96,0.07,0.53,47.05,0.0,0.2300000000000039
6,3,7,17.3,70.87,73.18,0.09,0.31,42.89,0.0,-0.3700000000000045
14,22,6,29.42,138.57,77.74,0.1,0.48,51.29,0.0,-1.3100000000000025
12,28,6,9.1,13.17,80.26,0.08,0.15,63.45,0.01,-2.289999999999999
7,10,7,24.27,114.96,74.04,0.06,0.51,45.99,0.0,-0.5900000000000034
11,13,7,20.81,83.18,78.54,0.06,0.28,39.43,0.0,0.0899999999999892
14,18,7,19.05,79.32,76.89,0.08,0.24,39.03,0.0,-0.4399999999999977
22,21,7,17.82,74.18,74.12,0.08,0.32,51.08,0.0,0.0200000000000031
1,11,6,11.69,46.47,77.99,0.05,0.24,47.9,0.0,-0.8699999999999974
15,4,7,31.52,107.64,78.89,0.1,0.25,50.75,0.06,2.460000000000008
12,23,6,33.87,151.62,82.21,0.07,0.48,54.71,0.0,0.3599999999999994
20,17,7,20.08,91.95,79.64,0.07,0.34,42.17,0.0,-0.4000000000000057
6,8,7,37.7,152.19,76.89,0.07,0.5,52.29,0.0,-2.3400000000000034
10,14,7,27.18,116.05,77.35,0.05,0.39,42.53,0.0,-0.6800000000000068
5,30,7,31.33,156.94,69.18,0.07,0.7,50.06,0.0,-0.269999999999996
20,23,6,32.94,142.26,77.51,0.12,0.57,48.74,0.0,1.3499999999999943
18,13,6,16.59,75.35,75.06,0.1,0.51,41.4,0.0,1.4299999999999995
21,7,7,40.9,168.68,82.89,0.1,0.54,55.38,0.0,1.75
11,17,6,37.07,148.52,82.9,0.05,0.33,45.52,0.0,-0.289999999999992
7,16,6,29.42,126.72,82.52,0.08,0.27,53.38,0.0,0.730000000000004
6,3,6,51.71,234.44,97.01,0.05,0.46,77.24,0.0,0.1899999999999977
22,31,7,31.64,147.13,76.95,0.1,0.5,45.1,0.0,-1.3699999999999903
19,24,6,37.65,148.19,82.58,0.1,0.59,53.56,0.0,3.5900000000000034
22,13,6,19.34,83.55,77.62,0.11,0.51,44.89,0.0,1.2700000000000102
13,9,7,31.08,164.29,75.51,0.07,0.5,44.32,0.0,-1.7600000000000051
13,5,6,11.03,52.78,74.57,0.04,0.22,47.8,0.0,-3.0799999999999983
13,3,7,19.37,80.38,70.46,0.1,0.35,42.27,0.0,0.7200000000000131
4,27,7,30.22,151.04,69.03,0.09,0.59,49.92,0.0,-2.519999999999996
4,5,6,20.81,86.25,78.05,0.06,0.33,55.9,0.0,-1.7000000000000028
20,8,7,28.86,123.73,73.17,0.13,0.54,49.06,0.0,2.269999999999996
0,29,6,9.74,12.07,74.34,0.1,0.16,48.32,0.0,-1.0500000000000045
8,28,7,26.81,134.36,69.45,0.08,0.64,45.24,0.0,-1.3799999999999957
0,12,6,9.33,37.52,74.4,0.06,0.32,40.94,0.0,0.8800000000000026
19,31,7,31.95,145.2,75.13,0.1,0.51,45.21,0.0,0.9399999999999976
6,13,6,14.12,62.73,76.28,0.06,0.46,43.8,0.0,1.3699999999999974
2,23,6,34.17,149.08,78.67,0.1,0.51,51.5,0.0,-0.6599999999999966
21,30,7,36.24,158.39,72.35,0.11,0.69,44.89,0.0,-5.200000000000003
5,30,6,23.59,109.91,68.82,0.1,0.57,41.67,0.0,2.9399999999999977
18,19,7,14.0,57.18,87.81,0.09,0.36,43.05,0.0,0.5300000000000011
14,16,6,34.91,161.67,84.14,0.08,0.24,54.21,0.0,2.9399999999999977
20,12,6,9.63,43.41,71.18,0.08,0.41,36.42,0.0,1.4200000000000017
23,30,7,32.93,150.18,71.99,0.11,0.67,45.46,0.0,-3.3599999999999994
15,27,7,34.41,174.17,73.55,0.1,0.56,50.82,0.0,2.2900000000000063
5,6,6,12.17,61.97,78.8,0.04,0.2,56.74,0.0,2.3999999999999986
13,14,6,23.98,111.85,76.77,0.08,0.47,46.96,0.0,0.3500000000000085
2,13,6,12.19,54.66,74.81,0.09,0.43,41.52,0.0,2.1499999999999986
22,23,6,32.64,140.9,78.81,0.12,0.54,50.97,0.0,-0.9599999999999936
18,6,7,36.17,176.61,72.46,0.12,0.61,49.72,0.0,7.13000000000001
15,1,7,21.49,96.48,73.72,0.1,0.43,44.28,0.0,0.8700000000000045
17,15,6,26.61,107.75,78.67,0.11,0.43,48.33,0.0,-0.3199999999999932
1,8,6,10.45,52.1,79.53,0.04,0.2,56.54,0.0,2.460000000000001
5,6,7,33.36,163.76,70.66,0.09,0.59,53.07,0.0,-5.810000000000002
5,9,7,31.75,164.02,73.64,0.08,0.52,47.44,0.0,-0.3600000000000136
3,9,7,32.39,173.44,73.38,0.11,0.56,47.94,0.0,-0.9299999999999926
16,9,6,3.98,15.97,71.61,0.06,0.19,36.3,0.0,-0.3800000000000025
9,31,7,30.13,136.43,72.45,0.06,0.56,46.57,0.0,0.4000000000000057
0,23,6,34.45,150.47,78.58,0.09,0.51,50.66,0.0,0.6099999999999994
19,6,6,16.3,88.07,80.91,0.05,0.19,52.99,0.0,2.25
0,16,7,29.66,131.37,77.61,0.1,0.46,42.13,0.0,0.0
9,12,7,18.16,74.97,72.5,0.05,0.33,37.98,0.0,-0.9299999999999996
7,2,8,16.31,59.92,72.7,0.04,0.32,47.9,0.0,-1.3699999999999974
13,20,7,22.31,100.46,74.68,0.08,0.39,44.75,0.0,-0.8599999999999994
17,29,6,10.77,20.8,83.19,0.1,0.23,69.66,0.0,-1.8299999999999983
11,29,7,28.48,141.07,74.45,0.05,0.59,46.59,0.0,2.4399999999999977
3,20,7,16.05,66.49,81.31,0.11,0.36,40.0,0.0,-0.3999999999999986
6,9,6,4.24,17.52,72.05,0.03,0.19,40.72,0.0,-0.4499999999999993
5,8,7,38.65,154.57,77.51,0.08,0.52,53.29,0.0,-1.8399999999999888
14,24,7,20.87,87.14,77.72,0.08,0.4,45.83,0.0,-2.549999999999997
17,6,7,33.27,156.47,71.81,0.12,0.62,47.98,0.0,3.739999999999995
16,20,7,21.48,95.34,74.96,0.1,0.39,46.59,0.0,-0.0600000000000022
22,6,7,41.21,221.04,71.69,0.12,0.63,52.51,0.0,-2.6299999999999955
10,1,6,42.1,136.16,85.04,0.04,0.44,54.26,0.0,-1.480000000000004
2,7,6,21.63,112.64,82.25,0.05,0.2,56.95,0.0,-0.1299999999999954
6,25,7,25.87,109.67,73.82,0.06,0.42,46.76,0.0,-0.2700000000000102
16,12,6,8.58,38.06,74.05,0.07,0.37,38.61,0.0,0.1199999999999974
8,13,6,15.08,66.29,76.2,0.05,0.45,42.34,0.0,0.7600000000000051
15,26,6,40.76,168.64,85.75,0.12,0.36,56.64,0.0,-2.489999999999995
1,13,6,11.77,52.96,74.28,0.08,0.42,41.22,0.0,2.039999999999999
6,22,6,29.77,141.45,79.25,0.08,0.46,55.6,0.0,0.3199999999999932
13,14,7,24.82,112.06,74.96,0.07,0.46,40.79,0.0,-1.9099999999999968
9,14,7,27.5,116.49,78.22,0.05,0.38,43.59,0.0,-0.4599999999999937
20,24,6,39.03,150.99,83.76,0.1,0.6,55.57,0.0,3.3999999999999915
14,24,6,32.89,142.09,81.43,0.09,0.52,50.93,0.0,0.6899999999999977
8,6,6,12.78,65.15,79.8,0.03,0.18,54.9,0.0,0.1499999999999985
5,25,6,43.3,158.94,96.43,0.07,0.64,74.62,0.0,-1.4200000000000017
17,14,6,21.74,99.06,77.01,0.11,0.49,45.88,0.0,-1.3100000000000025
9,14,6,22.15,99.15,76.92,0.06,0.47,46.33,0.0,0.1500000000000056
12,4,7,28.59,90.14,74.6,0.09,0.25,45.54,0.12,1.6600000000000108
1,21,6,28.8,130.79,77.36,0.09,0.52,52.19,0.0,-0.9499999999999886
11,24,6,33.0,146.95,79.45,0.05,0.5,48.97,0.0,-0.7599999999999909
14,6,6,13.23,68.73,80.27,0.05,0.17,50.35,0.0,0.490000000000002
5,22,6,29.62,141.4,78.39,0.09,0.47,54.76,0.0,-0.4500000000000028
23,10,7,24.22,111.49,77.35,0.09,0.47,44.89,0.0,0.2099999999999937
16,7,7,32.7,143.62,77.61,0.1,0.45,52.29,0.0,2.3999999999999915
0,19,6,21.5,96.3,77.64,0.08,0.45,49.67,0.0,-0.6700000000000017
10,30,6,25.04,123.57,67.75,0.06,0.57,37.45,0.0,0.1899999999999977
11,28,6,9.65,13.88,82.58,0.07,0.15,65.36,0.02,-0.8699999999999974
2,27,6,50.24,247.75,83.49,0.13,0.4,52.79,0.02,-6.480000000000018
8,3,7,17.22,73.66,72.48,0.08,0.31,42.43,0.0,0.0400000000000062
13,7,6,12.61,63.6,78.98,0.04,0.2,47.47,0.0,-1.3699999999999974
14,30,7,39.31,166.87,71.28,0.11,0.71,48.61,0.0,5.879999999999996
22,24,7,28.41,111.87,77.21,0.09,0.44,44.2,0.0,2.989999999999995
14,26,7,29.73,124.5,73.63,0.08,0.52,49.92,0.0,3.450000000000003
14,15,6,26.6,106.11,78.46,0.11,0.47,46.94,0.0,0.6700000000000017
11,31,7,30.38,135.55,72.24,0.06,0.56,45.42,0.0,0.1899999999999977
1,25,7,25.82,98.78,74.58,0.09,0.44,44.42,0.0,-1.8300000000000125
9,30,7,32.35,157.15,68.84,0.05,0.68,49.81,0.0,0.4200000000000017
7,20,7,20.35,85.98,78.0,0.08,0.38,41.19,0.0,3.6799999999999926
17,25,6,37.53,178.9,88.63,0.1,0.49,59.06,0.0,0.2000000000000028
13,31,7,30.46,140.51,72.7,0.09,0.55,45.61,0.0,-0.019999999999996
2,9,6,4.69,20.15,75.72,0.05,0.2,45.13,0.0,-0.3399999999999998
17,22,7,14.07,51.02,75.24,0.07,0.29,43.34,0.0,0.9200000000000016
16,26,6,39.62,170.96,84.7,0.12,0.37,55.55,0.0,-2.8100000000000023
3,19,6,19.75,89.47,77.35,0.08,0.45,51.53,0.0,-1.6199999999999903
23,17,6,35.62,147.16,82.09,0.08,0.49,51.59,0.0,2.4099999999999966
22,27,6,15.89,24.91,86.39,0.17,0.32,52.61,0.3,-3.1099999999999994
20,30,7,38.35,163.21,72.25,0.12,0.7,44.91,0.0,-5.189999999999998
0,5,6,22.4,95.52,78.28,0.07,0.39,57.03,0.0,0.5699999999999932
10,25,6,38.72,159.23,93.64,0.09,0.58,68.56,0.0,-1.769999999999996
11,7,6,14.04,72.65,78.21,0.03,0.19,46.52,0.0,-1.8500000000000012
8,18,6,28.0,123.24,78.12,0.05,0.42,50.09,0.0,-1.8500000000000083
11,25,7,26.15,103.61,76.97,0.05,0.39,48.87,0.0,-0.269999999999996
18,20,6,26.9,112.44,84.67,0.08,0.49,57.07,0.0,1.5700000000000074
10,26,6,44.93,182.61,90.65,0.06,0.3,61.94,0.0,-2.5600000000000023
1,28,6,14.41,19.65,85.67,0.1,0.19,54.81,0.21,-0.8200000000000003
3,10,7,26.56,121.98,75.46,0.1,0.54,47.64,0.0,-1.980000000000004
12,19,6,19.53,87.34,77.21,0.05,0.45,48.04,0.0,-0.6099999999999994
9,8,6,11.91,56.22,80.33,0.03,0.18,54.36,0.0,-1.519999999999996
3,17,6,36.14,154.91,81.87,0.09,0.4,51.65,0.0,0.25
19,24,7,22.13,85.49,80.12,0.09,0.39,46.34,0.0,3.049999999999997
20,27,6,19.35,34.0,91.11,0.24,0.41,55.03,0.42,-5.459999999999994
18,22,7,14.62,54.66,76.76,0.07,0.31,44.17,0.0,1.1599999999999966
15,26,7,31.78,135.65,74.1,0.09,0.54,50.77,0.0,4.310000000000002
16,16,7,24.56,109.23,75.19,0.09,0.43,39.85,0.0,0.5400000000000063
1,28,7,29.12,150.72,70.47,0.1,0.6,45.18,0.0,-1.4299999999999926
14,9,7,30.58,156.56,75.79,0.09,0.51,45.15,0.0,-1.0600000000000025
22,3,7,21.24,79.14,72.46,0.1,0.35,44.02,0.03,2.019999999999996
2,2,7,17.2,75.08,71.93,0.1,0.44,45.23,0.0,0.9699999999999988
0,26,7,31.24,102.23,72.25,0.09,0.45,50.79,0.0,0.0
4,13,6,12.94,57.92,75.61,0.08,0.44,42.61,0.0,0.8000000000000043
4,24,6,30.84,133.88,82.43,0.1,0.5,57.18,0.0,1.009999999999991
14,23,7,16.42,69.13,74.47,0.07,0.41,46.01,0.0,-1.980000000000004
16,4,6,22.33,106.17,77.49,0.07,0.39,52.49,0.0,-1.0300000000000011
20,11,7,14.57,62.77,75.68,0.08,0.3,42.82,0.0,-0.4699999999999988
21,9,7,31.35,132.74,75.96,0.11,0.56,46.59,0.0,-0.1700000000000017
2,25,6,44.08,158.88,95.16,0.1,0.64,73.84,0.0,1.2800000000000011
14,6,7,30.75,146.86,73.31,0.11,0.61,48.95,0.0,0.8599999999999994
20,28,7,29.71,151.38,68.71,0.1,0.66,45.53,0.0,-2.6099999999999994
3,30,6,20.65,75.89,72.22,0.1,0.45,49.1,0.0,3.1700000000000017
18,21,7,17.22,70.8,74.64,0.07,0.3,50.27,0.0,-0.519999999999996
0,13,6,11.28,51.02,73.64,0.08,0.41,40.58,0.0,2.0
3,30,7,31.48,154.07,68.35,0.09,0.72,47.95,0.0,-0.039999999999992
21,25,6,38.68,190.27,89.4,0.08,0.45,58.78,0.0,1.0100000000000051
10,15,6,24.84,105.38,77.1,0.06,0.49,45.86,0.0,0.8400000000000034
11,25,6,37.99,160.34,92.43,0.1,0.56,66.52,0.0,-1.8000000000000114
21,29,7,32.13,155.51,66.88,0.1,0.72,43.92,0.0,-1.75
8,13,7,19.3,70.47,80.5,0.06,0.27,41.13,0.0,2.0600000000000023
7,18,7,21.74,87.75,79.66,0.05,0.25,42.24,0.0,0.1400000000000005
0,26,6,43.63,215.1,91.65,0.07,0.42,63.72,0.0,0.0
23,19,6,26.81,112.56,77.02,0.09,0.49,50.16,0.0,-0.25
12,16,6,32.21,148.55,83.46,0.06,0.22,53.71,0.0,2.1000000000000085
19,14,6,20.66,92.16,76.01,0.11,0.49,44.29,0.0,-1.0699999999999932
15,2,7,17.53,71.68,73.29,0.1,0.4,43.68,0.0,-0.1000000000000014
4,26,7,28.47,109.06,73.25,0.08,0.42,54.24,0.0,-1.509999999999991
20,29,7,32.96,161.13,67.1,0.1,0.71,43.73,0.0,-2.8799999999999955
22,28,7,27.5,139.04,69.27,0.1,0.66,47.0,0.0,-2.2900000000000063
3,29,6,10.02,12.9,76.27,0.1,0.15,51.91,0.0,1.2899999999999991
14,14,6,23.69,110.3,76.94,0.1,0.48,47.28,0.0,-0.6099999999999994
4,14,6,22.02,94.11,78.4,0.11,0.55,48.26,0.0,0.519999999999996
1,29,7,24.92,122.66,69.31,0.09,0.68,48.23,0.0,-2.6099999999999994
20,10,7,23.33,105.61,77.19,0.09,0.47,44.92,0.0,0.2100000000000079
12,1,6,40.06,132.76,82.32,0.05,0.45,49.76,0.0,-2.780000000000001
2,8,6,11.05,54.67,80.04,0.05,0.2,57.5,0.0,2.5
18,11,6,9.01,35.76,75.77,0.06,0.31,40.99,0.0,-0.5
7,5,7,37.71,164.43,79.58,0.08,0.37,56.84,0.0,3.8400000000000034
19,27,7,34.87,183.75,71.11,0.1,0.58,46.94,0.0,-3.1899999999999977
14,1,8,21.68,86.18,81.76,0.08,0.4,44.97,0.0,1.4500000000000028
17,6,6,14.42,76.96,80.36,0.06,0.18,51.34,0.0,1.1400000000000006
17,23,6,30.82,137.16,76.22,0.11,0.57,46.65,0.0,0.4200000000000017
14,26,6,41.77,166.33,87.02,0.12,0.35,57.87,0.0,-2.2900000000000063
8,6,7,29.34,143.74,69.0,0.06,0.59,48.58,0.0,-1.3399999999999892
21,17,7,20.41,93.03,79.49,0.07,0.34,42.2,0.0,0.7000000000000028
2,24,6,30.11,130.74,82.98,0.11,0.49,57.81,0.0,-1.0700000000000074
18,6,6,15.23,81.89,80.69,0.05,0.18,52.16,0.0,1.6999999999999955
15,25,7,24.09,91.35,78.76,0.08,0.41,53.89,0.0,0.7000000000000028
11,7,7,33.31,149.6,76.27,0.08,0.45,57.64,0.0,-2.210000000000008
7,10,6,6.47,24.45,76.19,0.03,0.2,41.71,0.0,0.7899999999999991
12,5,7,43.32,186.7,86.16,0.08,0.39,60.95,0.0,-0.269999999999996
22,17,6,34.87,147.09,82.34,0.08,0.48,52.3,0.0,1.9200000000000017
11,14,6,23.36,107.59,76.75,0.06,0.46,46.0,0.0,1.3900000000000006
9,13,6,15.28,66.96,75.84,0.05,0.44,41.24,0.0,0.4199999999999946
7,16,7,28.3,123.61,75.87,0.05,0.39,41.23,0.0,-1.6200000000000043
20,1,7,19.17,87.55,71.87,0.1,0.39,43.83,0.0,-2.019999999999996
1,29,6,9.61,12.27,74.88,0.1,0.16,49.4,0.0,-0.5399999999999991
23,28,7,26.86,135.14,69.55,0.09,0.67,47.68,0.0,-1.3499999999999943
4,16,7,30.0,132.19,76.19,0.09,0.4,41.98,0.0,-0.5699999999999932
10,7,7,34.36,158.8,75.65,0.08,0.47,57.03,0.0,-2.1299999999999955
17,24,6,34.94,143.26,81.81,0.1,0.56,51.73,0.0,1.8299999999999983
19,21,6,30.41,139.57,80.67,0.08,0.5,54.68,0.0,4.38000000000001
17,1,8,24.91,107.23,78.02,0.09,0.44,43.95,0.0,2.3799999999999955
3,1,6,38.4,129.82,86.11,0.09,0.47,63.78,0.0,6.549999999999997
5,2,7,16.48,65.58,72.71,0.09,0.41,46.68,0.0,-0.269999999999996
8,20,6,27.64,123.09,79.19,0.05,0.48,51.85,0.0,0.4600000000000079
7,14,6,22.17,97.34,77.81,0.07,0.49,48.33,0.0,-0.019999999999996
5,1,6,42.82,135.78,88.63,0.06,0.46,66.46,0.0,4.599999999999994
16,11,7,15.02,66.41,74.56,0.09,0.32,42.15,0.0,0.9200000000000016
15,23,6,31.06,137.95,78.3,0.1,0.54,49.63,0.0,-2.4399999999999977
7,2,7,16.82,67.85,72.15,0.06,0.4,45.59,0.0,0.3800000000000025
15,2,6,46.88,192.28,90.33,0.09,0.44,62.0,0.0,0.7900000000000205
10,23,6,33.38,151.63,79.53,0.06,0.49,50.84,0.0,-0.0699999999999931
0,11,6,11.9,47.46,77.89,0.05,0.25,47.04,0.0,0.0
15,6,6,13.53,71.02,80.22,0.06,0.17,50.46,0.0,0.6299999999999955
11,20,7,22.97,102.43,75.95,0.07,0.38,43.52,0.0,0.1099999999999994
10,4,7,27.0,84.91,72.96,0.08,0.27,43.28,0.12,1.3999999999999917
7,3,7,17.2,72.26,72.98,0.08,0.31,42.76,0.0,-0.2100000000000008
18,1,8,25.94,114.88,75.88,0.09,0.45,43.28,0.0,2.1700000000000017
0,18,7,23.02,103.47,79.46,0.07,0.35,41.96,0.0,1.509999999999991
22,27,7,30.95,161.28,69.47,0.11,0.62,44.06,0.0,-2.0
1,25,6,43.56,157.92,93.51,0.09,0.63,71.71,0.0,1.9699999999999989
10,1,8,20.09,67.7,78.27,0.05,0.38,45.1,0.0,0.5600000000000023
6,19,7,22.13,77.51,78.14,0.07,0.34,41.46,0.0,0.5
21,28,7,28.59,145.26,69.03,0.1,0.66,46.2,0.0,-2.3499999999999943
13,16,6,33.51,155.15,84.03,0.07,0.23,54.44,0.0,2.739999999999995
0,14,6,20.29,85.7,78.12,0.12,0.54,44.77,0.0,0.9599999999999936
7,19,6,19.88,89.12,77.25,0.05,0.45,51.51,0.0,0.8799999999999955
5,14,6,22.14,95.28,78.35,0.09,0.54,48.83,0.0,0.25
15,31,7,30.57,140.66,73.36,0.11,0.53,45.71,0.0,0.1000000000000085
4,4,7,25.55,83.28,71.49,0.12,0.33,42.17,0.06,0.8900000000000006
3,18,7,21.93,89.2,80.88,0.08,0.28,43.63,0.0,-1.3499999999999943
13,18,6,19.98,90.31,82.62,0.05,0.39,55.55,0.0,-4.310000000000002
21,23,6,33.1,142.7,77.82,0.12,0.56,49.31,0.0,0.3299999999999983
14,25,6,37.01,167.12,88.73,0.11,0.52,60.45,0.0,-0.1500000000000056
9,8,7,32.56,136.61,74.16,0.05,0.46,46.73,0.0,-4.289999999999992
22,8,7,30.54,151.89,72.43,0.12,0.57,47.57,0.0,1.5799999999999983
2,21,7,26.5,106.63,71.68,0.09,0.38,46.75,0.0,-2.319999999999993
17,21,7,17.47,72.37,74.43,0.07,0.3,49.63,0.0,-0.8200000000000003
10,26,7,24.65,91.48,71.2,0.04,0.4,49.36,0.0,-0.4899999999999949
10,10,6,7.25,27.77,76.76,0.03,0.2,40.43,0.0,1.4600000000000009
21,30,6,19.88,93.89,69.34,0.13,0.46,40.31,0.0,-1.5799999999999983
21,4,7,31.42,130.76,78.07,0.1,0.41,52.73,0.0,-0.9900000000000092
22,11,7,14.76,61.99,76.08,0.08,0.3,43.57,0.0,0.3700000000000045
9,16,7,26.46,114.85,74.67,0.05,0.39,39.14,0.0,-1.9500000000000028
18,3,6,60.02,322.47,93.62,0.09,0.5,69.63,0.0,-0.7599999999999909
6,17,6,36.81,151.42,83.57,0.06,0.37,53.22,0.0,0.6700000000000017
23,24,6,41.78,154.26,89.61,0.09,0.61,65.36,0.0,2.289999999999992
8,12,7,18.6,76.78,72.48,0.06,0.34,38.37,0.0,-0.269999999999996
18,9,6,3.94,16.05,72.89,0.06,0.2,37.67,0.0,0.0400000000000027
7,19,7,22.21,77.68,77.65,0.06,0.33,41.06,0.0,0.1700000000000017
19,18,7,19.44,81.37,78.91,0.09,0.29,42.04,0.0,0.0
4,23,6,34.29,151.06,79.95,0.09,0.51,53.88,0.0,0.6800000000000068
23,30,6,18.65,80.07,69.78,0.12,0.43,42.58,0.0,-1.1600000000000108
16,28,6,7.82,10.55,76.0,0.1,0.13,55.86,0.0,-1.0900000000000034
13,4,6,24.5,120.04,76.89,0.05,0.39,50.83,0.0,-2.8799999999999955
6,27,7,27.33,137.98,68.54,0.07,0.56,49.53,0.0,-3.1299999999999955
6,12,6,10.25,40.19,75.97,0.05,0.32,41.13,0.01,-0.3299999999999983
7,9,7,32.38,168.78,74.22,0.06,0.5,46.45,0.0,1.0100000000000051
15,28,6,8.08,11.34,76.5,0.1,0.14,57.35,0.0,-1.5399999999999991
7,27,7,25.94,132.05,69.34,0.06,0.53,50.35,0.0,-2.9200000000000017
1,27,6,52.87,302.11,83.05,0.13,0.46,51.97,0.02,-3.030000000000001
11,15,7,23.26,104.79,79.41,0.06,0.39,43.32,0.0,-0.7399999999999949
15,30,7,41.51,172.21,72.5,0.11,0.7,48.8,0.0,5.420000000000002
15,12,7,13.96,55.89,76.13,0.08,0.27,40.86,0.0,-1.3300000000000054
7,12,6,10.11,39.73,76.27,0.04,0.31,41.09,0.01,-0.5900000000000034
4,1,7,16.61,72.33,71.24,0.09,0.38,47.42,0.0,0.0599999999999951
0,16,6,27.03,123.09,81.49,0.08,0.38,57.98,0.0,0.0
17,26,6,38.86,175.01,84.0,0.12,0.39,54.51,0.0,-1.8700000000000043
2,1,6,35.74,125.89,84.3,0.09,0.47,61.13,0.0,5.63000000000001
6,1,6,43.74,137.14,88.74,0.05,0.45,65.47,0.0,2.2700000000000102
21,13,6,18.74,81.34,76.4,0.1,0.51,43.3,0.0,1.4499999999999955
17,28,6,7.93,10.48,75.46,0.1,0.13,54.02,0.0,0.4600000000000008
6,10,7,24.55,114.37,74.19,0.07,0.52,46.34,0.0,-0.9299999999999926
13,1,8,20.99,80.14,81.77,0.07,0.39,45.04,0.0,1.0600000000000025
22,9,6,4.49,18.26,75.17,0.06,0.21,41.09,0.0,0.9600000000000009
14,29,6,10.97,16.76,109.6,0.09,0.16,75.48,0.0,1.0799999999999983
3,2,6,37.32,140.99,83.44,0.09,0.55,57.06,0.0,2.140000000000001
0,16,7,29.66,131.37,77.61,0.1,0.46,42.13,0.0,1.6200000000000043
19,17,7,20.27,93.48,79.19,0.08,0.34,41.77,0.0,-0.8599999999999994
15,19,7,16.02,62.77,82.66,0.09,0.33,42.51,0.0,-3.4099999999999966
9,27,6,44.93,181.95,87.94,0.11,0.24,54.29,0.19,3.299999999999997
9,2,7,16.89,72.77,71.42,0.05,0.41,43.09,0.0,0.0600000000000022
14,5,7,38.32,150.31,84.99,0.1,0.42,62.66,0.0,-7.960000000000008
19,26,6,39.72,197.32,83.12,0.12,0.41,52.94,0.0,2.1700000000000017
12,6,7,29.56,144.67,72.19,0.08,0.6,48.84,0.0,1.3299999999999983
14,11,6,9.65,36.04,77.82,0.06,0.29,41.5,0.0,-0.5399999999999991
1,2,6,35.45,135.67,81.46,0.09,0.56,54.0,0.0,-97.77
22,14,6,20.98,93.07,75.99,0.12,0.54,45.35,0.0,0.75
16,24,6,34.07,142.48,81.83,0.1,0.54,51.41,0.0,1.2999999999999972
23,2,6,47.49,212.11,92.36,0.07,0.41,69.3,0.0,1.380000000000024
10,5,6,13.67,61.88,75.16,0.03,0.23,48.91,0.0,-2.480000000000004
11,15,6,25.32,105.66,77.41,0.07,0.48,45.87,0.0,1.009999999999991
7,3,6,51.02,224.64,97.05,0.05,0.45,76.66,0.0,-1.6899999999999975
19,4,7,32.59,127.94,79.78,0.1,0.37,53.32,0.0,-0.4799999999999897
20,9,6,4.1,16.76,74.11,0.06,0.2,39.4,0.0,0.4099999999999966
0,6,6,9.29,46.97,75.39,0.05,0.22,50.8,0.0,1.8800000000000023
8,7,7,35.8,174.4,73.87,0.08,0.51,55.48,0.0,-1.1600000000000108
17,1,7,21.22,94.19,73.27,0.11,0.41,43.76,0.0,-0.7599999999999909
0,4,6,37.0,185.05,81.9,0.08,0.53,61.14,0.0,-7.710000000000008
14,3,7,19.71,80.63,70.76,0.11,0.35,42.53,0.0,0.7099999999999937
10,13,7,20.77,80.29,78.74,0.05,0.28,39.54,0.0,1.2600000000000051
21,2,6,46.63,199.88,91.03,0.07,0.42,65.73,0.0,-0.4900000000000091
23,29,7,31.97,153.18,67.18,0.1,0.72,45.12,0.0,0.0700000000000073
15,22,6,29.05,136.01,77.24,0.1,0.51,49.62,0.0,-0.769999999999996
6,21,7,22.48,79.6,73.05,0.07,0.31,48.45,0.0,-2.75
1,4,7,24.07,85.36,71.64,0.1,0.35,43.04,0.08,1.6599999999999966
2,7,7,36.63,167.5,72.2,0.12,0.6,55.67,0.0,-1.3799999999999957
20,9,7,31.43,133.89,76.29,0.11,0.56,46.87,0.0,0.2100000000000079
1,23,6,34.48,150.57,78.78,0.09,0.5,51.4,0.0,0.0699999999999931
8,18,7,21.55,85.41,78.85,0.05,0.25,41.0,0.0,-0.3999999999999915
23,25,6,41.6,205.96,91.01,0.07,0.43,62.19,0.0,4.429999999999993
6,20,6,27.3,119.29,78.54,0.06,0.48,52.98,0.0,-0.4200000000000017
2,5,7,28.25,106.61,74.83,0.1,0.37,53.19,0.0,1.009999999999991
7,24,7,21.57,88.52,76.98,0.04,0.35,48.59,0.0,1.460000000000008
11,3,7,18.62,79.83,70.62,0.09,0.34,41.61,0.0,1.1099999999999923
15,10,7,24.05,115.37,75.06,0.1,0.49,43.2,0.0,-0.7400000000000091
12,3,6,48.73,205.71,93.7,0.05,0.44,71.5,0.0,3.230000000000018
18,16,7,25.34,112.45,75.95,0.09,0.44,40.69,0.0,0.960000000000008
20,4,6,21.63,95.89,77.28,0.07,0.39,53.68,0.0,-0.1699999999999875
13,28,6,8.82,12.97,78.78,0.09,0.15,61.57,0.01,-1.1700000000000017
19,3,7,19.41,75.39,72.54,0.1,0.36,43.98,0.0,-0.4699999999999988
1,9,6,4.77,20.74,76.53,0.05,0.21,46.01,0.0,-0.3300000000000018
14,12,6,8.54,37.54,74.51,0.06,0.35,37.71,0.0,-0.0500000000000042
18,29,6,10.72,22.6,81.32,0.1,0.25,66.61,0.0,-0.2100000000000008
21,15,6,26.21,118.11,80.23,0.09,0.39,54.3,0.0,0.4600000000000079
11,22,6,30.37,142.83,80.69,0.08,0.46,56.88,0.0,-0.2800000000000011
8,22,7,14.66,55.85,72.02,0.04,0.25,47.1,0.0,-0.6799999999999997
3,31,7,31.11,147.71,71.2,0.1,0.63,47.36,0.0,-1.259999999999991
13,8,6,10.07,46.02,80.33,0.04,0.2,52.19,0.0,-2.3299999999999983
18,13,7,19.11,82.56,78.78,0.08,0.36,42.44,0.0,0.6099999999999994
14,5,6,10.41,50.32,74.46,0.05,0.22,47.75,0.0,-2.5799999999999983
18,2,6,47.27,197.84,90.61,0.08,0.44,63.3,0.0,0.0199999999999818
6,9,7,31.9,163.77,73.88,0.07,0.51,47.03,0.0,0.3200000000000074
11,9,6,4.23,16.64,69.89,0.03,0.17,35.0,0.0,0.25
6,17,7,27.55,121.14,76.93,0.07,0.43,43.44,0.0,-1.6800000000000068
4,3,6,51.11,240.26,95.51,0.07,0.46,76.77,0.0,1.460000000000008
13,23,6,33.41,148.13,82.81,0.08,0.48,55.7,0.0,-0.960000000000008
19,25,7,29.38,107.94,75.67,0.09,0.47,53.17,0.0,3.260000000000005
10,8,7,30.41,126.95,73.07,0.06,0.47,45.17,0.0,-4.519999999999996
14,13,7,19.15,81.71,79.08,0.08,0.31,40.55,0.0,-1.1500000000000057
16,15,7,23.24,105.33,77.7,0.09,0.45,43.75,0.0,0.5100000000000051
14,8,6,9.42,42.99,80.32,0.05,0.2,51.97,0.0,-2.710000000000001
16,6,6,13.88,73.47,80.26,0.06,0.17,50.72,0.0,0.730000000000004
14,11,7,14.11,62.25,74.38,0.08,0.32,42.21,0.0,0.4399999999999977
8,4,6,33.1,162.01,82.32,0.04,0.4,62.25,0.0,-2.530000000000001
12,21,7,17.6,67.69,73.41,0.05,0.27,47.04,0.0,-0.3299999999999983
9,5,6,14.85,65.56,75.38,0.04,0.24,49.6,0.0,-2.699999999999996
9,23,6,33.41,151.11,79.65,0.06,0.5,51.55,0.0,-1.1300000000000097
4,1,8,21.53,88.63,76.17,0.09,0.45,47.3,0.0,-3.719999999999999
21,20,6,29.43,125.36,79.73,0.09,0.52,52.92,0.0,1.1599999999999966
20,7,6,8.55,42.56,78.57,0.05,0.22,51.54,0.0,-1.1199999999999974
6,11,6,10.71,41.44,79.16,0.04,0.24,49.54,0.0,-0.6199999999999974
17,13,6,15.91,73.45,74.82,0.09,0.5,41.37,0.0,0.9399999999999976
11,19,6,19.82,89.88,76.57,0.05,0.46,47.39,0.0,-0.5200000000000102
4,2,7,16.61,68.9,72.63,0.09,0.42,46.52,0.0,-0.970000000000006
20,14,6,20.48,91.06,75.64,0.11,0.5,44.0,0.0,-0.3799999999999954
1,5,6,22.42,95.18,78.54,0.07,0.38,57.38,0.0,0.0400000000000062
14,15,7,22.93,104.29,76.34,0.09,0.44,42.5,0.0,-0.0600000000000022
11,1,7,19.66,93.18,71.26,0.06,0.41,42.65,0.0,1.980000000000004
0,6,7,37.51,150.24,72.12,0.12,0.61,52.23,0.0,2.019999999999996
1,22,7,16.52,71.03,73.12,0.07,0.3,50.9,0.0,-1.4000000000000057
6,5,6,18.77,77.92,76.91,0.05,0.3,52.97,0.0,-2.3100000000000023
23,18,6,21.82,96.6,78.3,0.08,0.45,49.85,0.0,-0.9900000000000092
2,4,6,35.79,170.03,83.64,0.09,0.5,65.26,0.0,0.1199999999999903
21,26,7,37.68,179.43,70.77,0.09,0.63,50.8,0.0,-1.769999999999996
15,7,7,31.56,133.62,76.34,0.1,0.44,52.99,0.0,-0.1700000000000017
16,27,7,35.36,180.31,73.33,0.1,0.56,50.14,0.0,2.0
12,13,6,15.29,67.55,74.68,0.06,0.44,39.89,0.0,-0.2899999999999991
16,23,7,14.9,63.5,75.71,0.08,0.42,46.38,0.0,-0.7800000000000011
23,21,7,17.57,75.31,73.79,0.08,0.32,51.05,0.0,-0.5300000000000011
12,2,7,17.79,76.25,71.14,0.06,0.43,41.09,0.0,0.6599999999999966
7,1,7,17.11,81.11,71.67,0.06,0.38,46.63,0.0,0.1499999999999985
1,17,6,36.0,159.2,81.63,0.08,0.4,51.29,0.0,-0.0999999999999943
18,10,6,12.05,47.55,78.72,0.06,0.24,43.85,0.0,-49.0
5,23,7,15.84,59.45,81.47,0.06,0.32,51.34,0.0,1.0799999999999983
1,12,6,9.65,38.63,74.47,0.06,0.33,40.96,0.0,1.3299999999999983
15,13,6,15.2,69.7,74.48,0.09,0.48,40.76,0.0,0.2100000000000008
21,5,6,8.35,42.12,74.52,0.05,0.21,48.85,0.0,0.0399999999999991
11,21,7,17.76,66.56,73.25,0.04,0.27,46.96,0.0,-0.9699999999999988
20,28,6,9.1,11.66,73.37,0.1,0.14,48.47,0.0,2.3800000000000026
7,11,6,10.56,40.4,79.44,0.03,0.24,48.74,0.0,-0.6300000000000026
11,16,7,25.05,109.88,73.93,0.05,0.4,37.96,0.0,-1.4099999999999966
21,15,7,26.96,118.37,78.81,0.1,0.48,42.99,0.0,2.019999999999996
23,3,6,40.13,208.31,83.17,0.08,0.53,62.67,0.0,-11.079999999999998
22,4,6,21.87,94.52,77.7,0.07,0.39,55.37,0.0,0.3999999999999915
2,24,7,21.26,88.89,78.25,0.08,0.41,48.02,0.0,-4.099999999999994
9,2,6,44.18,175.24,87.18,0.05,0.46,57.96,0.0,2.5799999999999983
19,16,7,25.9,114.49,76.33,0.09,0.44,41.07,0.0,1.1799999999999926
13,19,6,19.19,84.58,78.09,0.06,0.45,48.94,0.0,-0.7199999999999989
10,19,6,20.07,91.7,76.11,0.04,0.46,47.51,0.0,-0.1499999999999914
21,2,7,18.58,82.03,71.86,0.1,0.39,41.77,0.0,0.3799999999999954
15,30,6,21.81,101.43,70.74,0.1,0.48,40.47,0.0,-0.480000000000004
0,31,7,31.43,143.89,70.93,0.11,0.67,45.46,0.0,-3.530000000000001
4,29,7,23.1,115.42,70.58,0.07,0.64,49.85,0.0,0.6099999999999994
1,16,7,30.2,133.99,76.79,0.1,0.46,41.73,0.0,1.1299999999999957
1,14,7,22.18,88.2,82.19,0.07,0.37,48.46,0.0,2.1500000000000057
5,4,6,35.26,167.79,83.97,0.06,0.46,66.28,0.0,-0.25
12,4,6,25.87,126.94,77.27,0.05,0.38,51.65,0.0,-3.760000000000005
22,5,7,35.14,131.67,71.62,0.13,0.6,50.79,0.0,4.730000000000004
10,4,6,29.67,145.59,80.0,0.04,0.37,56.65,0.0,-3.8299999999999983
22,19,6,26.93,111.33,77.01,0.1,0.5,48.97,0.0,0.3599999999999994
12,28,7,28.97,146.99,69.78,0.08,0.6,45.34,0.0,2.0799999999999983
23,28,6,9.99,12.32,73.56,0.1,0.16,47.46,0.0,-0.0399999999999991
4,30,7,31.46,156.34,68.97,0.09,0.71,49.15,0.0,-0.0500000000000113
19,15,7,25.14,110.86,79.66,0.1,0.48,43.99,0.0,1.5700000000000074
1,19,6,21.16,95.83,76.91,0.08,0.46,49.37,0.0,-0.7199999999999989
20,2,7,18.4,80.89,72.27,0.1,0.38,42.19,0.0,0.7199999999999989
15,27,6,30.74,70.5,90.29,0.23,0.45,60.18,0.73,-6.200000000000003
5,10,7,24.99,115.18,74.42,0.08,0.53,46.68,0.0,-1.3900000000000006
21,8,7,29.79,137.7,72.65,0.13,0.55,48.03,0.0,1.9500000000000028
18,20,7,22.84,102.76,76.34,0.1,0.4,47.84,0.0,1.980000000000004
17,17,6,33.04,147.83,82.48,0.08,0.41,48.06,0.0,-1.2199999999999989
9,25,7,26.03,110.77,76.63,0.04,0.39,48.22,0.0,0.4400000000000119
1,10,7,28.45,129.0,75.97,0.1,0.54,47.86,0.0,-2.1500000000000057
5,18,7,21.47,88.28,80.96,0.06,0.26,43.88,0.0,-0.0200000000000102
8,5,6,16.13,69.49,75.79,0.04,0.26,50.57,0.0,-2.8600000000000065
4,26,6,48.41,221.79,91.94,0.09,0.39,64.34,0.0,1.4499999999999886
19,5,7,28.92,98.07,71.65,0.13,0.55,49.64,0.0,0.8200000000000074
11,29,6,11.82,15.83,126.22,0.05,0.13,72.13,0.0,-2.3599999999999994
12,1,8,20.49,74.71,81.03,0.06,0.38,45.04,0.0,0.5799999999999983
23,9,7,30.42,131.53,75.82,0.11,0.55,46.98,0.0,-1.3900000000000006
14,3,6,55.04,250.65,95.18,0.08,0.47,72.02,0.0,8.810000000000002
15,12,6,8.55,37.69,74.56,0.06,0.35,38.65,0.0,0.0500000000000042
4,3,7,17.62,68.87,73.15,0.11,0.34,42.78,0.0,-0.0799999999999983
6,13,7,17.43,64.4,82.59,0.06,0.25,43.32,0.0,1.4699999999999989
21,10,6,12.29,49.07,77.96,0.06,0.25,44.93,0.0,0.0399999999999991
6,10,6,6.28,23.77,76.34,0.03,0.2,42.61,0.0,0.6700000000000017
0,7,6,21.47,113.38,82.41,0.05,0.2,56.65,0.0,1.309999999999988
7,29,7,24.41,121.39,71.11,0.05,0.64,48.37,0.0,1.3900000000000006
10,16,6,30.43,137.89,82.37,0.05,0.22,52.57,0.0,1.0699999999999932
2,2,8,18.47,69.11,74.93,0.08,0.34,49.47,0.0,-0.8999999999999915
22,5,6,8.51,43.04,74.76,0.05,0.22,49.34,0.0,0.6700000000000017
15,22,7,13.33,43.57,73.31,0.07,0.26,42.49,0.0,0.7000000000000028
8,11,6,10.43,39.41,79.52,0.03,0.24,47.45,0.0,-0.5399999999999991
4,31,7,30.38,144.31,70.85,0.1,0.61,47.65,0.0,-1.5400000000000065
0,22,7,17.19,75.48,73.42,0.07,0.31,50.98,0.0,-0.7999999999999972
5,19,7,21.89,77.29,78.64,0.09,0.35,41.79,0.0,0.5900000000000034
9,1,6,42.7,136.82,86.16,0.04,0.44,57.36,0.0,-1.6700000000000017
14,19,6,19.07,83.14,78.69,0.07,0.46,49.29,0.0,-0.25
22,7,7,41.73,167.13,82.94,0.1,0.58,56.6,0.0,2.0400000000000063
7,30,6,24.75,120.24,66.82,0.08,0.62,37.32,0.0,0.5899999999999892
13,11,6,9.78,36.23,78.17,0.04,0.28,41.62,0.0,-0.4600000000000008
13,25,6,37.07,164.12,89.55,0.11,0.53,61.98,0.0,-0.8299999999999983
2,17,6,36.04,156.74,81.45,0.08,0.4,51.07,0.0,0.0999999999999943
0,11,7,23.67,109.51,76.94,0.09,0.47,44.39,0.0,0.0
0,21,7,28.61,130.94,73.1,0.09,0.41,46.59,0.0,0.0
1,24,6,30.62,132.54,82.57,0.1,0.49,56.99,0.0,-1.789999999999992
17,24,7,19.94,82.03,79.82,0.09,0.39,46.84,0.0,0.4399999999999977
2,6,7,38.98,185.48,72.54,0.11,0.6,54.8,0.0,1.3999999999999917
1,20,6,27.57,118.41,76.43,0.09,0.51,50.63,0.0,1.2000000000000028
22,30,6,19.2,86.12,69.54,0.13,0.44,41.4,0.0,-1.4299999999999926
14,28,7,31.39,160.31,69.86,0.1,0.6,45.4,0.0,2.569999999999993
23,6,6,20.85,110.97,82.18,0.05,0.2,56.24,0.0,2.0200000000000102
17,21,6,26.62,120.18,80.84,0.08,0.49,54.73,0.0,2.5900000000000034
17,16,7,24.88,110.57,75.53,0.09,0.44,40.21,0.0,0.6799999999999926
13,1,7,20.8,95.91,72.48,0.08,0.42,43.19,0.0,0.8499999999999943
22,1,8,22.41,96.09,72.14,0.09,0.4,44.26,0.0,-3.279999999999987
5,1,7,16.8,77.14,71.37,0.08,0.38,47.66,0.0,0.4000000000000057
7,23,6,34.64,154.66,82.31,0.07,0.5,56.43,0.0,-0.7399999999999949
8,8,6,12.17,58.14,80.47,0.03,0.18,55.55,0.0,-0.3500000000000014
6,31,7,29.62,139.93,71.51,0.08,0.59,47.95,0.0,-0.5499999999999972
20,29,6,12.33,28.28,79.52,0.09,0.28,62.33,0.0,4.599999999999994
18,25,7,27.83,103.5,77.31,0.09,0.46,54.44,0.0,3.469999999999999
15,14,7,23.58,111.06,73.85,0.1,0.51,40.42,0.0,-0.9500000000000028
6,12,7,18.48,73.72,73.13,0.07,0.33,39.75,0.0,0.9299999999999996
14,8,7,26.72,102.61,73.69,0.1,0.52,46.79,0.0,-0.9399999999999976
4,2,8,17.84,64.88,74.44,0.06,0.33,50.21,0.0,-0.7199999999999989
7,1,6,43.83,137.85,88.25,0.05,0.44,63.44,0.0,0.2199999999999988
13,13,7,19.7,82.86,78.93,0.07,0.29,40.14,0.0,-1.4299999999999926
14,28,6,8.45,12.31,77.41,0.1,0.15,59.39,0.01,-1.5399999999999991
8,19,7,21.9,77.34,77.11,0.06,0.32,40.6,0.0,-0.6500000000000057
19,15,6,26.1,110.4,78.93,0.1,0.4,49.97,0.0,-0.7400000000000091
9,3,7,17.49,75.63,71.75,0.08,0.32,41.98,0.0,0.5700000000000003
9,1,7,17.86,85.03,71.06,0.05,0.39,44.1,0.0,1.0899999999999963
15,14,6,23.08,106.85,77.19,0.11,0.49,47.17,0.0,-1.2800000000000011
21,14,7,24.78,108.67,76.95,0.1,0.54,41.52,0.0,0.6299999999999955
20,18,7,19.39,80.29,79.57,0.09,0.3,42.51,0.0,-0.1099999999999994
12,17,7,23.73,110.71,76.51,0.06,0.37,40.04,0.0,-1.1800000000000068
16,11,6,9.28,35.58,76.87,0.06,0.3,41.36,0.0,-0.8299999999999983
2,20,7,16.24,69.64,80.84,0.11,0.39,39.27,0.0,0.259999999999998
9,16,6,29.92,131.94,82.06,0.06,0.23,51.83,0.0,0.5300000000000011
22,16,7,28.32,119.17,77.08,0.09,0.46,41.78,0.0,1.769999999999996
17,9,7,30.8,141.41,77.04,0.11,0.55,47.66,0.0,0.6099999999999994
21,6,6,18.74,101.0,81.54,0.05,0.19,54.81,0.0,2.579999999999991
17,22,6,30.15,137.01,80.35,0.09,0.51,51.79,0.0,1.8499999999999943
9,18,7,21.17,83.01,78.02,0.05,0.24,39.93,0.0,-0.8000000000000114
2,13,7,15.76,65.63,83.89,0.08,0.27,44.75,0.0,1.0100000000000051
15,1,8,22.71,93.13,81.21,0.09,0.41,44.89,0.0,2.1599999999999966
8,30,7,32.15,159.12,69.18,0.05,0.67,50.51,0.0,0.5700000000000074
5,19,6,19.17,85.16,78.04,0.06,0.44,53.56,0.0,-0.1199999999999903
23,22,6,34.16,149.05,78.11,0.1,0.52,49.7,0.0,0.6500000000000057
1,21,7,27.6,119.55,72.24,0.09,0.39,46.57,0.0,-2.1200000000000045
9,10,6,6.9,26.23,76.26,0.03,0.2,40.59,0.0,0.9600000000000009
2,14,7,23.17,90.47,81.82,0.08,0.36,48.31,0.0,2.0799999999999983
11,10,6,7.74,29.92,77.05,0.03,0.2,40.47,0.0,2.039999999999999
20,25,7,30.45,108.46,74.41,0.09,0.47,51.96,0.0,2.25
3,25,7,26.01,101.27,73.43,0.1,0.44,44.86,0.0,0.1899999999999977
19,9,6,4.0,16.31,73.51,0.06,0.2,38.5,0.0,0.25
14,7,7,31.64,137.97,76.11,0.1,0.44,54.72,0.0,-0.8199999999999932
7,4,6,34.3,166.88,83.09,0.05,0.42,64.15,0.0,-1.4500000000000028
3,7,6,21.25,110.41,81.85,0.05,0.2,56.59,0.0,-0.8000000000000114
16,4,7,32.28,113.9,79.65,0.09,0.27,51.95,0.04,1.5999999999999943
18,28,7,32.22,164.75,69.13,0.1,0.64,45.16,0.0,-1.5
4,9,7,31.92,167.09,73.33,0.09,0.54,47.67,0.0,-0.9899999999999948
18,28,6,8.15,10.63,74.75,0.1,0.13,52.09,0.0,0.9200000000000016
3,19,7,21.31,78.21,79.46,0.1,0.35,42.44,0.0,0.8800000000000097
23,23,6,32.06,138.53,80.15,0.11,0.51,53.38,0.0,-1.2199999999999989
23,8,7,31.36,166.73,72.56,0.12,0.58,47.81,0.0,1.7199999999999989
12,6,6,12.87,65.95,80.08,0.03,0.16,50.56,0.0,0.1099999999999994
3,17,7,29.6,118.79,77.39,0.1,0.44,43.3,0.0,-0.7400000000000091
1,5,7,27.77,110.42,74.89,0.1,0.38,52.75,0.0,-1.75
21,17,6,33.96,146.17,82.2,0.08,0.47,51.98,0.0,1.6599999999999966
5,16,6,28.68,122.5,81.94,0.1,0.31,54.2,0.0,0.9900000000000092
23,21,6,36.52,176.15,80.92,0.07,0.49,56.72,0.0,0.2900000000000062
6,20,7,18.6,77.28,79.6,0.09,0.37,41.28,0.0,3.260000000000005
20,21,6,32.8,152.22,81.12,0.08,0.49,55.51,0.0,5.019999999999996
13,26,7,28.09,115.79,72.96,0.06,0.49,49.2,0.0,3.1199999999999903
9,15,6,24.44,104.79,76.83,0.07,0.51,45.92,0.0,0.25
23,16,6,36.2,165.58,82.68,0.08,0.38,53.68,0.0,-0.5700000000000074
0,1,6,31.7,119.02,82.56,0.08,0.44,57.6,0.0,0.0
22,15,6,26.71,122.63,81.1,0.08,0.38,56.52,0.0,1.0499999999999972
23,7,7,42.14,170.47,82.51,0.1,0.61,57.43,0.0,1.009999999999991
6,5,7,36.15,153.78,78.23,0.09,0.37,56.24,0.0,5.269999999999996
0,30,7,31.85,151.87,67.07,0.1,0.73,45.41,0.0,-0.2600000000000051
16,20,6,26.08,110.87,83.59,0.08,0.48,55.16,0.0,-0.289999999999992
10,24,7,23.51,97.21,75.96,0.04,0.38,45.52,0.0,1.2199999999999989
9,3,6,48.07,201.28,95.11,0.05,0.43,73.92,0.0,-3.670000000000016
8,27,6,43.59,168.43,88.03,0.12,0.26,53.95,0.21,3.230000000000004
12,25,7,25.61,97.75,76.89,0.05,0.39,49.56,0.0,-1.1400000000000006
2,27,7,32.43,159.12,69.25,0.09,0.61,49.82,0.0,-1.7099999999999935
21,10,7,23.69,107.51,77.53,0.09,0.47,45.22,0.0,0.75
3,8,6,11.6,57.13,80.26,0.05,0.2,58.14,0.0,2.289999999999999
15,19,6,19.41,83.71,79.15,0.08,0.47,49.44,0.0,0.710000000000008
4,6,6,11.7,59.51,78.27,0.04,0.21,56.21,0.0,2.369999999999997
18,17,7,20.68,95.95,78.74,0.08,0.34,41.32,0.0,-0.7599999999999909
22,22,6,33.85,147.8,78.16,0.1,0.52,49.51,0.0,0.5699999999999932
10,6,7,28.91,141.67,69.54,0.06,0.6,47.44,0.0,-0.3599999999999994
12,30,6,24.12,115.76,68.67,0.08,0.53,38.48,0.0,-1.2000000000000028
18,4,6,21.9,100.53,77.67,0.07,0.39,53.32,0.0,-0.3799999999999954
10,31,7,30.29,134.96,72.25,0.06,0.56,45.85,0.0,0.3299999999999983
12,8,6,10.63,48.77,80.29,0.03,0.19,52.39,0.0,-2.210000000000001
4,7,7,36.62,179.31,72.26,0.12,0.59,54.81,0.0,0.3200000000000074
3,21,7,25.63,95.87,71.59,0.09,0.36,47.1,0.0,-1.8299999999999983
12,3,7,19.03,80.7,70.47,0.09,0.34,41.89,0.0,0.8599999999999994
3,18,6,34.89,140.71,81.85,0.09,0.46,53.58,0.0,-2.489999999999995
9,11,6,10.31,38.53,79.44,0.03,0.24,45.96,0.0,-0.5
21,3,6,49.3,270.27,88.1,0.08,0.52,67.32,0.0,-10.490000000000007
5,4,7,25.91,86.86,71.52,0.11,0.33,42.02,0.04,0.75
10,6,6,12.8,65.17,80.05,0.03,0.17,52.33,0.0,0.0399999999999991
10,13,6,15.43,67.65,75.64,0.05,0.44,40.5,0.0,0.3100000000000023
15,13,7,18.81,80.32,79.26,0.08,0.32,40.96,0.0,-0.7199999999999989
12,14,6,23.81,110.73,76.54,0.07,0.46,46.39,0.0,0.9499999999999886
0,1,8,29.12,134.91,76.35,0.1,0.52,45.1,0.0,-2.779999999999987
8,17,7,25.9,117.87,76.01,0.05,0.42,41.63,0.0,-1.6800000000000068
15,21,6,24.59,111.95,79.77,0.09,0.48,54.21,0.0,1.0799999999999983
3,15,6,23.4,103.21,77.54,0.13,0.63,49.35,0.0,0.730000000000004
10,5,7,42.1,186.68,84.34,0.07,0.37,59.1,0.0,4.209999999999994
1,16,6,27.03,120.68,81.18,0.08,0.37,57.53,0.0,0.0
11,21,6,23.16,110.11,76.53,0.07,0.5,51.35,0.0,-0.2299999999999897
3,29,7,22.81,112.17,70.06,0.08,0.64,49.33,0.0,-1.3299999999999983
0,15,6,22.0,97.84,77.03,0.12,0.59,48.43,0.0,1.1999999999999886
10,18,6,26.19,119.28,77.5,0.05,0.43,47.84,0.0,-2.3800000000000097
19,7,6,8.82,43.4,78.87,0.05,0.21,51.05,0.0,-2.1300000000000026
4,2,6,38.15,143.63,84.43,0.08,0.54,58.63,0.0,2.049999999999997
8,22,6,30.35,144.39,78.93,0.07,0.46,55.19,0.0,0.5899999999999892
0,9,6,4.85,21.35,77.4,0.05,0.21,46.93,0.0,-0.3299999999999983
15,11,7,14.58,64.72,74.66,0.09,0.32,42.25,0.0,0.990000000000002
18,27,7,35.94,187.44,72.14,0.1,0.56,48.39,0.0,-0.1800000000000068
2,10,7,27.5,126.13,75.7,0.11,0.54,47.96,0.0,-1.9899999999999949
17,27,7,36.01,185.58,72.81,0.1,0.56,49.35,0.0,2.3400000000000034
0,8,6,9.86,49.52,79.07,0.05,0.21,55.31,0.0,2.4099999999999966
22,7,6,8.82,44.59,78.45,0.05,0.22,53.06,0.0,1.1700000000000017
23,27,6,15.13,22.92,85.21,0.14,0.27,52.18,0.26,-1.6000000000000014
4,8,6,12.01,59.06,80.58,0.04,0.19,58.43,0.0,-48.33
10,22,6,30.5,144.28,79.66,0.08,0.46,55.72,0.0,0.0900000000000034
13,21,7,17.57,68.82,73.77,0.06,0.27,47.48,0.0,-0.0700000000000002
5,20,7,17.05,68.96,80.89,0.1,0.36,41.26,0.0,1.8099999999999952
17,8,7,26.21,96.91,75.22,0.12,0.53,51.46,0.0,0.5400000000000063
7,21,6,23.49,113.25,74.22,0.07,0.53,49.28,0.0,-0.4200000000000017
10,10,7,24.57,122.17,74.93,0.05,0.48,45.16,0.0,0.6899999999999977
1,4,6,35.74,173.46,82.2,0.08,0.52,62.26,0.0,-3.0999999999999943
11,27,7,30.42,153.05,72.79,0.06,0.54,52.05,0.0,4.019999999999996
7,25,6,41.49,158.52,95.96,0.07,0.62,72.75,0.0,-2.4599999999999937
0,2,7,16.5,71.97,71.5,0.1,0.4,44.71,0.0,-0.9500000000000028
4,28,6,12.22,16.8,83.88,0.1,0.16,57.91,0.08,-2.1099999999999994
20,5,7,30.54,108.14,71.22,0.13,0.57,49.59,0.0,3.4099999999999966
17,10,6,11.76,46.21,78.66,0.06,0.24,43.55,0.0,1.6199999999999974
6,1,7,17.04,80.1,71.61,0.07,0.38,47.42,0.0,0.509999999999998
21,9,6,4.26,17.38,74.65,0.06,0.2,40.21,0.0,0.6700000000000017
17,7,6,9.93,48.29,79.36,0.05,0.21,50.05,0.0,-2.739999999999995
11,6,6,12.82,65.43,79.98,0.03,0.16,51.27,0.0,0.0399999999999991
23,16,7,29.11,121.18,77.01,0.09,0.47,41.76,0.0,1.6599999999999966
5,10,6,6.12,23.17,76.62,0.04,0.2,43.5,0.0,0.620000000000001
3,22,7,15.22,57.03,72.95,0.08,0.27,51.04,0.0,-1.3900000000000006
15,9,7,30.42,150.09,76.41,0.1,0.52,46.34,0.0,-0.3299999999999983
16,8,6,7.86,36.17,79.98,0.06,0.21,51.36,0.0,-3.3299999999999983
17,2,6,47.26,197.24,90.73,0.09,0.44,63.17,0.0,0.4000000000000057
15,29,6,11.41,18.55,95.51,0.1,0.18,74.42,0.0,1.8299999999999983
12,5,6,11.77,55.46,74.61,0.04,0.22,47.87,0.0,-3.0700000000000003
14,2,6,46.56,189.99,89.65,0.08,0.43,60.83,0.0,0.8099999999999881
12,24,6,32.59,144.17,80.0,0.06,0.5,49.65,0.0,-0.8599999999999994
13,12,7,15.32,61.67,74.35,0.07,0.29,39.08,0.0,-1.5399999999999991
20,23,7,25.13,108.14,80.37,0.08,0.45,47.85,0.0,6.0800000000000125
1,31,7,32.15,147.05,71.76,0.11,0.64,46.25,0.0,1.519999999999996
0,21,6,29.25,130.81,77.92,0.09,0.52,52.48,0.0,-0.9200000000000016
9,20,6,27.43,123.06,79.64,0.04,0.47,51.33,0.0,-0.4400000000000119
19,7,7,39.28,182.34,82.51,0.1,0.49,54.03,0.0,3.719999999999999
4,10,7,25.65,117.79,74.82,0.09,0.54,47.13,0.0,-1.9099999999999968
0,2,6,34.34,132.69,80.49,0.09,0.57,52.61,0.0,1.8900000000000008
5,2,8,17.44,62.66,73.77,0.05,0.33,49.75,0.0,-0.8400000000000034
17,20,7,21.9,97.47,75.75,0.1,0.39,47.3,0.0,0.8799999999999955
20,3,6,53.56,296.37,90.23,0.08,0.51,68.45,0.0,-6.360000000000014
13,7,7,32.03,143.68,76.3,0.09,0.44,56.54,0.0,-0.9099999999999966
18,23,7,18.9,82.26,78.0,0.08,0.44,47.25,0.0,5.779999999999994
3,16,6,27.71,118.78,81.3,0.1,0.34,55.54,0.0,0.9500000000000028
21,21,6,34.97,164.31,81.62,0.08,0.49,56.49,0.0,4.569999999999993
3,6,7,37.74,185.95,71.99,0.11,0.6,54.7,0.0,-3.049999999999997
21,25,7,31.12,108.85,73.46,0.09,0.47,51.11,0.0,1.4099999999999966
20,16,6,37.14,175.04,83.04,0.07,0.33,55.64,0.0,-1.009999999999991
8,1,7,17.34,82.44,71.29,0.06,0.38,45.42,0.0,0.480000000000004
16,30,6,21.88,104.51,70.09,0.11,0.48,39.65,0.0,0.1499999999999914
16,26,7,33.96,147.53,74.25,0.09,0.56,51.38,0.0,4.579999999999998
19,19,6,24.05,95.45,81.03,0.09,0.48,51.83,0.0,3.5999999999999943
22,11,6,8.97,36.41,74.64,0.06,0.32,41.14,0.0,0.3000000000000042
3,4,6,35.71,167.55,84.44,0.08,0.48,66.83,0.0,-0.1899999999999977
19,8,7,27.78,111.05,73.98,0.13,0.53,50.32,0.0,1.9399999999999975
15,10,6,10.82,42.56,78.71,0.06,0.23,42.85,0.0,3.25
9,19,6,20.14,92.23,76.15,0.04,0.45,48.45,0.0,0.0600000000000022
8,17,6,37.1,149.07,83.41,0.05,0.35,50.1,0.0,0.25
6,26,6,48.28,217.68,91.18,0.08,0.36,62.97,0.0,-0.789999999999992
7,8,6,12.34,59.6,80.6,0.03,0.18,56.78,0.0,-0.0900000000000034
18,1,6,33.53,130.29,79.94,0.08,0.51,52.7,0.0,-1.6200000000000043
16,25,7,24.94,93.98,78.73,0.09,0.43,54.66,0.0,1.7800000000000011
12,19,7,20.34,75.17,77.16,0.07,0.32,40.03,0.0,-1.2800000000000011
16,21,7,17.86,73.91,74.24,0.07,0.29,48.97,0.0,-0.2300000000000039
15,25,6,37.05,170.73,88.53,0.11,0.51,59.69,0.0,0.0999999999999943
13,3,6,51.46,224.37,94.39,0.07,0.46,71.67,0.0,6.719999999999999
1,7,7,37.19,169.14,72.17,0.12,0.61,55.72,0.0,-2.0200000000000102
15,17,7,21.97,102.76,77.67,0.08,0.35,40.46,0.0,-1.1499999999999917
15,29,7,36.17,175.59,73.57,0.1,0.62,45.69,0.0,4.670000000000002
12,12,6,8.68,37.74,73.68,0.04,0.34,35.44,0.0,-1.1599999999999966
12,2,6,45.98,185.18,88.51,0.05,0.43,58.71,0.0,0.3700000000000045
9,28,6,9.84,13.5,87.25,0.07,0.14,67.79,0.02,0.1700000000000017
0,31,7,33.11,146.19,72.26,0.11,0.65,45.83,0.0,0.3700000000000045
6,2,8,16.96,60.82,73.16,0.05,0.32,48.92,0.0,-1.009999999999998
9,11,7,14.69,64.13,74.55,0.05,0.31,42.15,0.0,-1.6599999999999966
12,1,7,20.4,95.71,71.81,0.06,0.42,42.64,0.0,1.5499999999999972
22,8,6,5.02,22.67,78.64,0.05,0.21,48.42,0.0,-0.5399999999999991
0,9,7,32.29,179.54,72.79,0.11,0.58,48.09,0.0,1.9599999999999935
21,19,6,26.76,108.76,77.53,0.1,0.5,48.61,0.0,2.0600000000000023
22,28,6,10.0,12.41,73.13,0.1,0.15,47.07,0.0,1.3400000000000034
10,2,7,17.08,74.93,71.29,0.05,0.41,42.03,0.0,0.3999999999999986
9,27,7,26.57,135.42,72.29,0.05,0.49,52.63,0.0,2.190000000000012
2,1,7,16.78,68.54,70.74,0.11,0.39,46.05,0.0,-0.9299999999999996
1,18,6,36.09,145.69,81.37,0.08,0.49,50.71,0.0,0.1000000000000085
3,5,7,29.7,108.81,75.18,0.11,0.36,53.82,0.0,3.050000000000012
11,26,6,44.13,173.18,89.96,0.07,0.3,60.91,0.0,-1.9699999999999989
18,5,6,8.73,43.37,74.36,0.05,0.21,48.14,0.0,-1.2399999999999949
6,18,6,30.27,125.5,80.66,0.06,0.42,54.57,0.0,-3.700000000000003
13,30,7,36.92,160.45,69.76,0.09,0.71,48.16,0.0,5.569999999999993
1,11,7,22.77,104.74,76.62,0.1,0.46,43.73,0.0,-1.8900000000000008
0,26,6,43.63,215.1,91.65,0.07,0.42,63.72,0.0,5.0
19,30,7,40.46,168.58,72.15,0.12,0.7,45.51,0.0,-4.1200000000000045
17,4,6,22.08,103.22,77.69,0.07,0.39,53.08,0.0,-0.5200000000000102
1,6,7,38.41,167.59,72.48,0.11,0.61,53.56,0.0,2.219999999999999
1,23,7,14.33,51.27,82.66,0.08,0.3,48.51,0.0,-0.0399999999999991
18,30,7,42.13,173.0,72.57,0.12,0.7,46.66,0.0,-1.8400000000000036
3,2,7,17.07,73.97,72.33,0.1,0.44,45.89,0.0,-0.279999999999994
14,21,6,24.08,110.97,78.46,0.08,0.48,53.24,0.0,0.730000000000004
11,1,6,41.19,134.25,83.49,0.05,0.44,51.3,0.0,-2.239999999999995
9,17,6,37.16,148.47,83.17,0.05,0.34,48.1,0.0,0.1500000000000056
18,12,6,8.99,40.33,72.24,0.08,0.4,37.18,0.0,1.1300000000000026
13,29,6,10.71,15.69,125.21,0.08,0.14,76.01,0.0,-1.9099999999999968
6,22,7,15.02,57.27,72.2,0.05,0.26,49.7,0.0,0.2700000000000031
12,29,7,30.11,148.04,75.09,0.06,0.58,46.58,0.0,3.4299999999999926
12,29,6,11.17,15.64,132.55,0.07,0.13,75.18,0.0,-2.710000000000001
4,6,7,35.71,176.5,71.22,0.1,0.59,54.07,0.0,-5.0
14,7,6,11.97,59.5,79.3,0.05,0.2,48.23,0.0,-2.1899999999999977
0,8,7,41.84,171.95,81.42,0.1,0.63,57.83,0.0,-0.7399999999999949
14,20,7,21.82,98.27,74.22,0.1,0.39,45.22,0.0,-1.0300000000000011
15,11,6,9.48,35.82,77.33,0.06,0.29,41.49,0.0,-0.7100000000000009
21,14,6,20.62,91.46,75.63,0.11,0.52,44.29,0.0,0.2999999999999971
16,29,7,36.92,180.89,72.36,0.1,0.63,45.31,0.0,1.8499999999999943
23,13,7,20.18,83.78,82.26,0.07,0.37,47.89,0.0,1.6199999999999903
7,22,6,30.07,142.78,79.38,0.08,0.45,55.66,0.0,0.6300000000000097
23,12,7,14.77,59.5,82.53,0.07,0.28,44.24,0.0,0.1899999999999977
18,2,7,17.69,76.29,73.55,0.1,0.38,43.73,0.0,0.5700000000000003
22,25,7,31.32,105.17,72.85,0.09,0.46,50.65,0.0,0.4200000000000017
11,2,7,17.48,76.38,71.01,0.06,0.42,41.26,0.0,0.8400000000000034
21,16,7,27.48,118.25,76.9,0.09,0.45,41.7,0.0,1.740000000000009
13,22,6,30.04,141.26,79.61,0.09,0.46,54.54,0.0,-0.519999999999996
22,1,6,32.83,129.98,78.89,0.09,0.58,50.99,0.0,0.7999999999999972
18,15,6,26.45,108.58,78.78,0.1,0.42,48.9,0.0,-0.3299999999999983
1,24,7,23.21,98.02,78.24,0.08,0.44,47.39,0.0,-4.109999999999999
2,15,6,23.05,101.78,77.51,0.13,0.63,49.38,0.0,0.9500000000000028
20,18,6,21.9,95.81,78.78,0.09,0.46,48.9,0.0,3.1299999999999955
14,20,6,25.81,110.64,83.25,0.07,0.46,54.15,0.0,1.5100000000000051
0,10,6,5.08,20.21,76.47,0.05,0.2,43.44,0.01,1.2900000000000027
16,8,7,25.95,95.78,74.68,0.12,0.53,50.16,0.0,-0.5900000000000034
4,21,7,24.82,89.82,71.96,0.08,0.34,47.6,0.0,-1.7000000000000028
19,12,7,13.52,53.71,79.21,0.07,0.28,43.08,0.0,0.6099999999999994
18,31,7,31.5,142.96,74.3,0.11,0.52,45.27,0.0,1.0999999999999943
21,4,6,21.68,94.77,77.43,0.07,0.39,54.39,0.0,0.1099999999999994
16,12,7,13.4,53.41,77.08,0.07,0.27,41.89,0.0,-1.1799999999999995
6,15,7,24.84,108.94,81.71,0.07,0.42,45.4,0.0,-0.4899999999999949
3,16,7,30.27,133.98,76.09,0.1,0.42,41.68,0.0,-0.25
19,29,6,11.25,25.34,80.25,0.1,0.26,64.24,0.0,2.210000000000001
4,12,7,17.55,69.05,74.29,0.1,0.31,41.3,0.0,0.8800000000000026
8,7,6,16.73,87.25,78.57,0.03,0.19,49.4,0.0,-2.1599999999999966
10,16,7,25.72,112.03,74.17,0.05,0.4,38.34,0.0,-1.5600000000000025
5,25,7,26.0,107.79,73.18,0.07,0.43,46.02,0.0,-0.1099999999999994
9,2,8,15.82,62.99,71.43,0.04,0.33,45.56,0.0,-0.0499999999999971
15,3,7,19.88,81.04,71.0,0.11,0.35,42.69,0.0,0.3599999999999994
0,25,6,42.76,156.12,91.61,0.09,0.62,68.64,0.0,2.4200000000000017
2,30,6,19.14,59.34,73.57,0.1,0.39,52.12,0.0,2.740000000000002
12,23,7,17.72,76.57,73.32,0.05,0.42,46.41,0.0,-0.5499999999999972
3,21,6,26.63,124.51,76.6,0.09,0.52,51.99,0.0,-2.9399999999999977
3,24,6,30.36,132.02,82.87,0.11,0.49,57.79,0.0,0.5200000000000102
3,4,7,25.13,81.41,71.46,0.11,0.34,42.39,0.07,1.0300000000000011
4,22,6,29.83,143.58,77.35,0.09,0.48,53.8,0.0,-1.8299999999999983
4,27,6,45.5,180.48,85.23,0.14,0.31,54.53,0.07,125.62
5,17,7,28.35,121.27,77.31,0.08,0.43,43.89,0.0,-1.3499999999999943
18,26,7,37.96,170.97,73.52,0.09,0.61,51.94,0.0,4.310000000000002
16,3,7,19.85,80.89,71.17,0.11,0.34,42.74,0.0,-0.0600000000000022
20,5,6,8.34,41.96,74.4,0.05,0.21,48.51,0.0,-0.5799999999999983
14,1,7,21.08,95.69,73.37,0.09,0.42,43.92,0.0,0.5799999999999983
17,15,7,23.71,106.46,78.99,0.09,0.45,44.36,0.0,0.9899999999999948
8,5,7,39.07,171.18,80.88,0.07,0.37,57.45,0.0,3.3500000000000085
23,5,6,8.84,44.65,75.03,0.05,0.22,49.96,0.0,1.3699999999999974
3,28,6,13.22,19.06,84.83,0.1,0.19,56.58,0.1,-1.240000000000002
6,27,6,41.86,153.97,87.08,0.14,0.28,54.12,0.2,-3.0799999999999983
6,16,6,29.07,124.56,82.38,0.09,0.29,53.87,0.0,0.8199999999999932
2,12,6,9.95,39.71,74.74,0.07,0.33,40.95,0.0,1.25
2,28,6,13.81,18.67,85.99,0.09,0.18,56.4,0.15,-1.259999999999998
16,9,7,30.51,145.19,76.77,0.1,0.53,47.2,0.0,0.1899999999999977
0,5,7,28.6,119.06,75.53,0.1,0.39,52.31,0.0,-2.1700000000000017
19,6,7,39.48,203.48,73.16,0.12,0.61,51.59,0.0,8.149999999999991
22,2,6,46.93,205.47,91.73,0.07,0.41,67.49,0.0,0.7299999999999898
20,24,7,24.41,93.75,79.59,0.09,0.39,45.72,0.0,4.799999999999997
23,11,7,15.12,61.2,76.08,0.09,0.3,43.74,0.0,0.759999999999998
5,7,7,36.71,183.24,72.53,0.11,0.57,54.82,0.0,0.2199999999999988
23,2,7,18.06,75.4,71.65,0.1,0.38,41.94,0.0,-0.7199999999999989
11,2,8,16.74,70.93,70.18,0.04,0.35,43.89,0.0,0.9499999999999956
4,1,6,40.95,133.41,87.57,0.08,0.47,65.87,0.0,6.280000000000001
11,12,7,16.82,68.32,73.22,0.06,0.31,38.06,0.0,-1.5700000000000005
7,25,7,25.8,110.49,74.74,0.05,0.41,47.37,0.0,-0.1499999999999914
21,11,6,8.9,36.17,74.66,0.06,0.32,41.11,0.0,0.0799999999999983
8,20,7,21.74,92.46,76.71,0.07,0.38,41.37,0.0,2.9200000000000017
2,28,7,28.46,145.41,70.31,0.1,0.6,44.9,0.0,-1.3800000000000097
8,19,6,20.11,91.51,76.65,0.05,0.45,49.98,0.0,0.4899999999999949
10,12,7,17.57,71.99,72.86,0.05,0.32,37.87,0.0,-1.240000000000002
13,15,7,22.96,104.26,76.85,0.08,0.42,42.44,0.0,-0.1499999999999914
15,5,7,34.48,127.55,82.47,0.11,0.44,61.13,0.0,-9.870000000000005
20,26,7,38.4,180.01,71.67,0.09,0.63,51.3,0.0,-0.5699999999999932
14,13,6,15.1,68.18,74.37,0.08,0.47,40.34,0.0,-0.1299999999999954
23,26,7,35.71,171.62,69.53,0.09,0.65,49.68,0.0,-2.6300000000000097
23,13,6,19.83,84.76,78.21,0.11,0.52,45.31,0.0,1.0300000000000011
4,7,6,20.58,106.89,81.13,0.04,0.2,55.63,0.0,-1.4099999999999966
11,18,7,20.11,79.2,77.02,0.06,0.24,38.51,0.0,-1.240000000000009
18,24,6,36.19,145.26,82.04,0.1,0.58,52.31,0.0,3.6700000000000017
2,3,6,49.7,234.16,94.18,0.08,0.44,74.26,0.0,2.0900000000000034
9,29,7,26.36,129.47,72.26,0.05,0.62,46.81,0.0,1.9799999999999895
0,1,7,17.95,74.49,70.13,0.12,0.41,43.82,0.0,0.0
11,5,7,43.43,192.75,85.67,0.07,0.38,60.1,0.0,3.280000000000001
2,17,7,29.95,121.7,77.01,0.1,0.46,42.58,0.0,-0.1699999999999875
11,20,6,25.51,113.06,82.31,0.04,0.45,53.35,0.0,-2.3799999999999955
3,11,7,20.84,93.57,75.65,0.11,0.43,42.69,0.0,-2.0400000000000063
0,28,6,14.8,21.37,85.03,0.12,0.23,53.01,0.24,-0.6899999999999977
12,17,6,36.66,148.55,82.87,0.05,0.34,45.35,0.0,-1.0100000000000051
3,22,6,30.7,149.09,76.95,0.09,0.48,53.37,0.0,-2.9599999999999937
6,14,6,22.18,96.3,78.12,0.08,0.51,48.77,0.0,0.0900000000000034
19,1,6,32.87,129.77,79.23,0.09,0.53,52.27,0.0,-1.3899999999999864
7,29,6,12.35,16.06,84.1,0.05,0.14,59.88,0.0,2.0700000000000003
11,2,6,45.83,184.17,88.13,0.05,0.44,58.16,0.0,1.509999999999991
7,8,7,36.38,149.74,76.33,0.06,0.48,51.06,0.0,-3.25
5,5,7,34.13,136.97,77.1,0.1,0.36,55.43,0.0,4.819999999999993
1,27,7,33.24,161.23,69.0,0.09,0.63,49.36,0.0,-2.8800000000000097
20,17,6,33.17,145.38,81.97,0.08,0.46,50.7,0.0,0.9300000000000068
1,9,7,32.85,184.25,72.98,0.11,0.58,48.38,0.0,1.1800000000000068
5,23,6,34.84,154.49,81.91,0.08,0.5,56.47,0.0,1.1499999999999917
8,2,7,16.86,70.49,71.79,0.05,0.4,44.39,0.0,0.0799999999999983
22,14,7,25.0,106.6,77.98,0.1,0.52,42.07,0.0,0.4599999999999937
3,11,6,11.25,44.57,78.38,0.06,0.24,49.33,0.0,-0.9099999999999966
14,17,7,22.52,105.34,77.27,0.08,0.35,40.23,0.0,-1.3500000000000083
10,3,7,18.09,78.08,71.1,0.08,0.34,41.65,0.0,1.259999999999998
5,21,6,24.16,115.02,75.74,0.09,0.51,51.57,0.0,-2.0799999999999983
9,7,6,15.8,82.37,78.03,0.03,0.19,47.81,0.0,-1.9600000000000009
18,10,7,23.28,107.1,76.22,0.09,0.48,44.08,0.0,-0.1899999999999977
6,6,7,31.34,152.86,70.06,0.08,0.58,51.58,0.0,-4.25
20,26,6,41.61,216.59,83.0,0.12,0.42,52.55,0.0,4.650000000000006
8,29,6,12.6,16.38,90.17,0.04,0.14,62.23,0.0,0.519999999999996
13,24,6,32.56,142.38,80.96,0.07,0.51,50.47,0.0,-0.0600000000000022
11,30,7,33.58,153.86,68.35,0.06,0.7,48.28,0.0,1.6000000000000083
17,1,6,34.3,131.27,80.4,0.08,0.49,52.9,0.0,-1.9500000000000028
6,6,6,12.51,63.87,79.24,0.03,0.2,56.64,0.0,0.7100000000000009
9,1,8,19.82,65.62,76.56,0.05,0.39,45.35,0.0,0.3399999999999892
8,9,7,32.83,175.62,74.6,0.05,0.49,45.7,0.0,0.9499999999999886
12,11,7,13.82,59.11,74.05,0.06,0.31,41.66,0.0,-0.1700000000000017
5,1,8,20.5,80.33,75.83,0.08,0.43,47.55,0.0,-2.1599999999999966
21,8,6,5.15,23.56,79.04,0.05,0.21,48.98,0.0,-1.0399999999999991
2,18,7,22.57,93.96,80.34,0.08,0.31,42.89,0.0,-1.0100000000000051
0,12,7,15.57,62.0,75.84,0.09,0.3,43.56,0.0,0.9499999999999956
23,31,7,30.44,141.35,76.8,0.1,0.51,45.07,0.0,-2.5200000000000102
4,23,7,15.33,54.89,81.87,0.07,0.31,50.6,0.0,0.7299999999999969
1,26,6,45.46,221.07,92.19,0.07,0.41,64.87,0.0,4.5
11,8,6,11.16,51.57,80.39,0.03,0.19,52.9,0.0,-1.7899999999999991
11,13,6,15.43,67.82,75.16,0.05,0.44,40.0,0.0,0.0
12,21,6,23.37,110.28,76.73,0.07,0.5,51.6,0.0,0.4399999999999977
21,24,7,26.99,106.01,78.61,0.09,0.42,44.87,0.0,5.420000000000002
16,31,7,30.66,140.28,73.43,0.11,0.53,45.51,0.0,0.1899999999999977
13,22,7,13.03,41.47,72.21,0.06,0.25,42.66,0.0,-0.1599999999999966
9,22,6,30.46,144.85,78.79,0.07,0.46,54.87,0.0,0.2300000000000039
5,15,7,25.07,109.52,81.35,0.09,0.44,44.97,0.0,-0.5
17,20,6,26.15,110.33,84.59,0.08,0.49,56.62,0.0,0.1499999999999914
12,7,6,13.26,67.9,78.48,0.03,0.19,46.73,0.0,-1.6400000000000006
10,20,7,22.92,100.62,76.14,0.06,0.38,42.7,0.0,0.8799999999999955
16,1,6,35.23,132.81,80.82,0.08,0.47,52.92,0.0,-3.530000000000001
8,15,7,24.3,107.88,81.43,0.06,0.39,45.17,0.0,-0.5600000000000023
14,23,6,32.22,142.4,81.14,0.09,0.5,53.53,0.0,-2.509999999999991
5,28,6,11.68,16.0,85.67,0.1,0.16,61.71,0.06,-2.5799999999999983
2,22,7,15.88,63.99,72.92,0.08,0.29,50.97,0.0,-1.3499999999999943
3,13,7,16.15,66.53,83.77,0.09,0.27,44.65,0.0,0.8200000000000003
10,23,7,18.0,76.68,74.17,0.05,0.41,48.38,0.0,0.6299999999999955
16,10,7,23.62,112.04,75.31,0.09,0.48,43.41,0.0,-0.8999999999999915
18,29,7,35.83,177.42,69.42,0.1,0.68,44.33,0.0,-2.4399999999999977
17,12,6,8.72,38.93,73.12,0.07,0.38,38.05,0.0,0.5799999999999983
23,3,7,22.16,82.2,72.3,0.1,0.35,43.74,0.07,1.9399999999999975
8,10,6,6.67,25.24,76.22,0.03,0.2,40.99,0.0,0.8299999999999983
2,2,6,36.45,138.45,82.45,0.1,0.56,55.41,0.0,103.34
2,19,6,20.52,93.54,76.83,0.08,0.46,49.96,0.0,-1.3400000000000034
17,31,7,30.98,141.0,73.65,0.11,0.52,45.33,0.0,0.6700000000000017
12,10,6,8.38,32.72,77.42,0.03,0.21,40.77,0.0,2.6700000000000017
13,2,6,46.23,187.27,89.14,0.06,0.43,59.6,0.0,0.6099999999999994
23,1,7,16.95,76.11,71.38,0.1,0.4,44.5,0.0,-1.029999999999994
5,14,7,26.4,105.25,80.32,0.07,0.37,46.96,0.0,2.3699999999999903
10,20,6,26.64,119.27,80.86,0.04,0.46,51.94,0.0,-1.6599999999999966
8,24,7,22.28,92.31,76.55,0.04,0.36,47.55,0.0,1.4899999999999949
8,1,8,19.66,65.83,75.52,0.06,0.4,45.96,0.0,0.0200000000000102
10,29,6,12.39,16.2,112.0,0.04,0.13,68.02,0.0,-0.4600000000000008
22,30,7,34.53,154.7,72.49,0.11,0.67,45.3,0.0,-4.649999999999992
10,27,6,45.44,188.15,88.22,0.1,0.26,56.45,0.25,1.2600000000000051
11,26,7,25.26,98.76,71.62,0.04,0.43,48.92,0.0,1.2900000000000065
8,21,7,19.98,69.92,73.41,0.05,0.28,48.21,0.0,-2.440000000000012
21,18,7,19.5,80.35,80.11,0.09,0.32,42.79,0.0,0.2300000000000039
3,23,7,14.98,52.35,82.08,0.08,0.3,49.82,0.0,0.990000000000002
20,27,7,33.34,175.81,70.04,0.11,0.6,45.35,0.0,-3.219999999999999
2,4,7,24.64,82.93,71.51,0.1,0.35,42.69,0.07,1.2000000000000028
15,7,6,11.3,55.46,79.43,0.06,0.2,48.89,0.0,-2.8000000000000043
13,10,7,24.68,121.17,74.76,0.08,0.5,43.47,0.0,-0.2100000000000079
1,20,7,16.12,69.5,81.24,0.11,0.4,39.16,0.0,1.3800000000000026
23,4,7,29.63,124.79,76.17,0.1,0.4,52.19,0.0,-2.4399999999999977
7,26,7,26.69,94.33,70.63,0.04,0.41,51.29,0.0,-1.809999999999988
6,7,7,36.6,183.08,72.8,0.1,0.55,54.9,0.0,-0.2700000000000102
18,8,7,26.86,101.91,74.89,0.12,0.53,51.43,0.0,1.3700000000000043
7,7,6,17.76,92.53,79.19,0.03,0.19,51.16,0.0,-2.1499999999999986
6,28,7,27.5,138.5,69.79,0.09,0.63,45.25,0.0,0.4699999999999988
1,22,6,33.69,165.06,78.63,0.08,0.48,54.85,0.0,-3.0999999999999943
22,17,7,21.3,96.7,79.19,0.07,0.35,41.98,0.0,1.8699999999999903
16,22,7,13.63,47.24,74.16,0.07,0.28,42.77,0.0,0.6299999999999955
11,23,7,17.98,77.24,73.36,0.05,0.42,47.22,0.0,-0.0399999999999991
7,5,6,17.49,73.65,76.35,0.04,0.28,51.66,0.0,-2.6899999999999977
6,25,6,42.49,158.84,96.25,0.07,0.63,73.69,0.0,-2.0
9,26,7,24.88,88.05,70.63,0.04,0.39,49.83,0.0,-1.740000000000009
6,18,7,21.67,88.61,80.5,0.05,0.26,43.21,0.0,0.4200000000000017
5,3,6,51.63,239.43,96.34,0.06,0.46,77.49,0.0,1.2800000000000011
6,7,6,18.78,97.71,79.77,0.03,0.19,52.91,0.0,-2.019999999999996
16,17,6,33.62,149.4,82.56,0.08,0.39,47.33,0.0,-1.6999999999999886
14,31,7,30.52,140.97,73.0,0.11,0.54,45.76,0.0,0.1299999999999954
14,9,6,4.17,16.47,70.75,0.05,0.19,35.53,0.0,-0.3300000000000018
2,30,7,31.5,151.85,67.67,0.1,0.74,46.7,0.0,-0.3299999999999983
9,17,7,25.27,116.06,75.93,0.05,0.4,40.93,0.0,-1.3199999999999932
0,26,7,31.24,102.23,72.25,0.09,0.45,50.79,0.0,-0.2300000000000039
8,1,6,43.38,137.58,87.26,0.04,0.44,60.59,0.0,-1.1099999999999994
22,12,7,14.68,59.11,81.51,0.07,0.28,43.69,0.0,0.6599999999999966
0,27,7,34.61,166.76,69.07,0.09,0.64,49.27,0.0,-3.1799999999999926
20,14,7,24.48,109.01,76.25,0.1,0.54,41.37,0.0,0.7600000000000051
17,19,6,21.04,86.88,81.3,0.09,0.47,51.81,0.0,1.9099999999999968
11,11,6,10.05,36.94,78.91,0.03,0.26,43.07,0.0,-0.6999999999999957
1,8,7,41.24,169.02,80.16,0.1,0.64,57.17,0.0,-1.480000000000004
14,25,7,23.76,89.45,78.31,0.08,0.4,52.51,0.0,-1.490000000000009
9,7,7,35.37,171.16,74.7,0.08,0.49,56.09,0.0,-1.7999999999999972
22,29,7,31.94,153.78,67.08,0.1,0.71,44.61,0.0,-0.4000000000000057
18,26,6,38.84,183.57,83.52,0.12,0.4,53.6,0.0,-0.0499999999999971
7,15,6,24.21,105.42,77.11,0.07,0.56,47.96,0.0,0.4399999999999977
16,24,7,19.73,81.9,79.16,0.09,0.39,46.71,0.0,-0.5600000000000023
20,11,6,8.88,35.97,74.87,0.06,0.32,41.12,0.0,-0.1199999999999974
5,7,6,19.74,102.64,80.41,0.03,0.19,54.44,0.0,-1.7600000000000051
13,20,6,25.09,108.38,83.78,0.05,0.45,54.77,0.0,0.5099999999999909
11,27,6,43.97,169.84,88.86,0.1,0.29,58.87,0.4,-3.620000000000005
20,1,8,25.45,114.6,72.38,0.09,0.45,42.68,0.0,-1.5300000000000011
19,29,7,34.33,168.93,67.93,0.1,0.7,43.8,0.0,-4.060000000000002
18,23,6,31.53,138.59,76.91,0.12,0.57,47.57,0.0,1.4899999999999949
9,9,7,33.11,180.91,74.92,0.05,0.47,45.09,0.0,0.5800000000000125
4,21,6,25.15,118.79,76.22,0.09,0.51,52.02,0.0,-3.1200000000000045
13,27,7,32.43,162.82,72.83,0.09,0.57,51.25,0.0,1.6800000000000068
10,19,7,21.44,78.24,76.52,0.05,0.31,39.83,0.0,-0.6799999999999926
1,7,6,21.69,113.67,82.19,0.05,0.2,56.89,0.0,0.4600000000000079
15,17,6,34.43,150.36,82.84,0.08,0.38,46.71,0.0,-1.7700000000000102
11,10,7,24.77,123.58,74.89,0.06,0.48,44.69,0.0,0.4300000000000068
14,29,7,34.44,167.25,74.71,0.09,0.61,46.14,0.0,4.6000000000000085
6,28,6,10.8,14.77,89.03,0.09,0.15,66.29,0.05,-3.6700000000000017
4,20,6,27.91,121.98,76.49,0.08,0.51,50.53,0.0,-0.8199999999999932
17,8,6,7.1,32.82,79.78,0.06,0.22,50.95,0.0,-3.1700000000000017
10,18,7,20.7,80.9,77.51,0.05,0.24,39.12,0.0,-0.9799999999999898
14,21,7,17.7,70.52,74.07,0.07,0.28,47.96,0.0,0.2800000000000011
3,26,6,47.82,222.78,92.13,0.09,0.4,64.9,0.0,2.420000000000016
22,6,6,19.89,106.58,81.99,0.05,0.2,55.6,0.0,2.4200000000000017
1,2,7,16.74,72.72,71.65,0.09,0.42,44.96,0.0,0.509999999999998
13,11,7,13.9,60.31,74.25,0.07,0.31,41.96,0.0,0.1700000000000017
4,9,6,4.47,18.84,73.77,0.04,0.2,43.2,0.0,-0.5
12,7,7,32.46,146.68,76.43,0.09,0.44,57.51,0.0,-1.7800000000000011
13,12,6,8.55,37.48,74.05,0.04,0.34,36.43,0.0,-0.5399999999999991
3,13,6,12.56,56.26,75.35,0.09,0.44,41.87,0.0,0.7800000000000011
21,27,7,31.9,167.07,69.41,0.11,0.62,44.2,0.0,-3.030000000000001
13,17,6,36.08,149.44,83.16,0.06,0.35,45.78,0.0,-1.4299999999999926
1,6,6,9.84,49.76,76.01,0.05,0.22,51.95,0.0,2.289999999999999
22,20,7,28.19,134.08,75.5,0.09,0.41,47.2,0.0,2.760000000000005
9,9,6,4.11,16.44,69.99,0.03,0.17,36.33,0.0,0.0500000000000007
13,5,7,41.55,171.41,86.08,0.09,0.4,62.2,0.0,-4.359999999999999
4,11,6,11.03,43.48,78.53,0.05,0.24,49.73,0.0,-0.9200000000000016
7,30,7,31.88,159.42,69.32,0.06,0.67,50.83,0.0,0.8199999999999932
17,29,7,36.82,182.09,71.0,0.1,0.64,44.96,0.0,-0.25
16,18,7,18.98,81.03,77.63,0.09,0.26,40.45,0.0,0.0
21,16,6,36.75,171.73,83.19,0.07,0.35,55.85,0.0,-0.960000000000008
3,26,7,29.19,109.68,73.51,0.09,0.42,53.9,0.0,-1.7199999999999989
7,6,7,29.98,146.22,69.36,0.07,0.59,49.99,0.0,-2.8599999999999994
2,10,6,5.63,21.83,77.18,0.06,0.2,44.81,0.02,1.0399999999999991
12,27,6,40.27,137.24,89.4,0.11,0.34,60.33,0.55,-9.11
1,1,6,33.48,122.17,83.28,0.08,0.46,58.8,0.0,3.739999999999995
16,5,6,9.41,46.09,74.25,0.06,0.21,47.64,0.0,-1.9099999999999968
21,29,6,13.34,30.24,78.97,0.09,0.28,60.84,0.0,2.1300000000000026
16,30,7,42.72,174.94,73.02,0.12,0.7,48.53,0.0,2.980000000000004
8,10,7,24.16,116.72,74.2,0.06,0.5,45.67,0.0,-0.2300000000000039
23,25,7,31.35,102.0,72.55,0.09,0.45,50.54,0.0,0.0600000000000022
9,24,7,22.93,94.5,76.03,0.04,0.37,46.42,0.0,1.3700000000000043
10,27,7,28.51,144.34,72.96,0.06,0.51,52.67,0.0,4.079999999999998
6,19,6,19.46,86.23,77.7,0.05,0.44,52.83,0.0,0.6099999999999994
23,17,7,22.3,100.72,79.27,0.07,0.36,41.88,0.0,2.1000000000000085
22,22,7,14.32,50.98,81.94,0.07,0.28,47.22,0.0,-0.7100000000000009
10,28,6,9.86,13.92,85.2,0.07,0.14,67.0,0.02,0.0799999999999983
5,28,7,27.28,137.54,69.98,0.1,0.61,45.11,0.0,0.1000000000000085
23,22,7,14.31,52.41,82.32,0.08,0.29,47.56,0.0,-0.0200000000000031
12,26,7,26.61,108.24,72.2,0.05,0.46,48.76,0.0,2.8299999999999983
3,14,6,21.77,92.16,78.46,0.12,0.57,47.17,0.0,0.9099999999999966
19,27,6,21.95,41.71,93.77,0.29,0.43,56.75,0.53,-4.950000000000003
8,30,6,24.84,120.7,66.76,0.07,0.61,36.78,0.0,0.1900000000000119
0,24,7,25.16,105.58,78.44,0.08,0.45,47.12,0.0,-3.629999999999996
4,11,7,19.79,88.18,75.24,0.09,0.41,42.56,0.0,-2.2099999999999937
22,26,6,47.81,273.43,83.04,0.13,0.44,52.34,0.0,8.620000000000005
3,27,6,0.0,0.0,84.31,0.14,0.35,54.1,0.03,-137.29
0,25,7,26.69,101.88,75.11,0.09,0.44,44.11,0.0,-2.6699999999999875
14,22,7,13.0,40.98,72.77,0.07,0.25,42.47,0.0,-0.0700000000000002
21,31,7,32.29,149.25,76.74,0.1,0.5,45.2,0.0,-0.0400000000000062
20,22,7,14.93,53.48,79.74,0.07,0.3,45.98,0.0,-0.0399999999999991
16,28,7,33.02,169.52,69.45,0.1,0.62,45.13,0.0,1.2099999999999935
21,3,7,20.28,75.94,72.65,0.1,0.35,44.28,0.0,1.6200000000000043
16,27,6,28.04,59.5,92.27,0.3,0.45,59.78,0.69,-5.680000000000007
20,12,7,13.93,55.67,79.79,0.07,0.28,43.15,0.0,0.8599999999999994
0,24,6,31.47,136.12,81.6,0.11,0.5,55.5,0.0,-1.240000000000009
4,29,6,10.58,13.56,77.31,0.08,0.14,53.72,0.0,2.3299999999999983
21,24,6,40.09,152.72,85.25,0.1,0.6,58.08,0.0,2.6099999999999994
20,16,7,26.65,116.51,76.71,0.09,0.44,41.43,0.0,1.5799999999999983
8,23,7,17.34,73.16,77.58,0.05,0.38,50.82,0.0,0.9000000000000057
22,19,7,14.57,60.31,88.39,0.1,0.37,41.77,0.0,-0.6099999999999994
16,22,6,29.27,135.22,78.61,0.09,0.52,50.29,0.0,0.4599999999999937
19,14,7,24.12,109.98,75.96,0.1,0.54,41.43,0.0,0.8200000000000074
8,23,6,33.95,152.48,80.85,0.06,0.5,53.86,0.0,-1.4500000000000028
9,20,7,22.5,96.2,76.26,0.07,0.38,41.89,0.0,1.6000000000000083
22,1,7,17.44,79.6,71.47,0.1,0.39,44.33,0.0,-1.5100000000000051
19,28,7,30.95,157.79,68.87,0.1,0.65,45.13,0.0,-2.6700000000000017
0,21,6,29.25,130.81,77.92,0.09,0.52,52.48,0.0,0.0
23,4,6,22.13,94.84,78.11,0.07,0.39,56.45,0.0,0.5400000000000063
4,13,7,16.28,65.21,83.74,0.08,0.26,44.6,0.0,0.269999999999996
7,24,6,32.4,141.28,80.83,0.06,0.49,54.2,0.0,1.4099999999999966
6,23,7,16.4,64.77,80.84,0.06,0.34,51.72,0.0,1.1700000000000017
16,1,7,21.58,96.18,73.57,0.11,0.42,44.04,0.0,0.1899999999999977
16,6,7,31.49,145.83,71.68,0.11,0.62,47.17,0.0,1.2600000000000051
20,7,7,40.19,175.88,82.9,0.1,0.51,54.5,0.0,2.239999999999995
22,13,7,19.41,82.77,81.82,0.07,0.37,47.14,0.0,0.5900000000000034
13,9,6,4.25,16.67,70.44,0.04,0.18,35.16,0.0,-0.0399999999999991
5,17,6,36.54,152.73,83.08,0.07,0.38,53.32,0.0,0.6099999999999994
20,3,7,19.51,73.52,72.77,0.1,0.35,44.35,0.0,0.2099999999999937
23,6,7,39.16,201.03,71.34,0.12,0.64,53.07,0.0,-5.049999999999997
10,17,6,37.19,148.43,83.05,0.05,0.33,46.49,0.0,0.0699999999999931
16,2,7,17.51,72.3,73.56,0.1,0.39,44.14,0.0,-0.0399999999999991
9,28,7,26.74,133.88,69.54,0.08,0.63,45.29,0.0,-0.1499999999999914
7,22,7,14.98,57.4,72.17,0.04,0.26,48.58,0.0,-0.0799999999999983
12,13,7,20.38,83.8,78.69,0.06,0.29,39.64,0.0,-0.9099999999999966
13,27,6,36.72,108.48,90.08,0.14,0.39,61.53,0.67,-8.75
7,26,6,47.78,214.65,90.75,0.07,0.34,62.31,0.0,-1.2299999999999898
17,10,7,23.37,109.2,75.69,0.09,0.48,43.78,0.0,-0.5300000000000011
0,1,7,17.95,74.49,70.13,0.12,0.41,43.82,0.0,-1.4699999999999989
6,29,6,11.87,15.42,80.54,0.06,0.14,57.65,0.0,2.6300000000000026
2,5,6,22.14,93.37,78.65,0.08,0.37,57.47,0.0,-0.5900000000000034
6,4,7,26.15,89.33,71.58,0.11,0.32,41.94,0.03,0.5099999999999909
19,17,6,32.73,145.18,81.77,0.08,0.45,49.4,0.0,-0.0300000000000011
18,21,6,28.33,128.6,80.74,0.08,0.5,54.62,0.0,3.589999999999989
7,15,7,24.57,108.37,81.71,0.06,0.4,45.44,0.0,-0.5700000000000074
16,14,7,23.41,111.31,74.42,0.1,0.52,40.86,0.0,-0.3599999999999994
10,9,7,33.21,183.57,75.48,0.05,0.47,44.69,0.0,0.2099999999999937
5,3,7,17.48,69.91,73.32,0.1,0.33,42.89,0.0,-0.2999999999999971
7,9,6,4.15,16.93,71.23,0.03,0.18,39.15,0.0,-0.3800000000000025
13,6,6,13.0,67.07,80.19,0.04,0.16,50.41,0.0,0.2700000000000031
11,14,7,26.6,115.43,76.46,0.05,0.41,41.63,0.0,-1.2199999999999989
16,2,6,47.1,195.06,90.57,0.09,0.44,62.87,0.0,0.539999999999992
1,13,7,15.28,63.32,83.78,0.08,0.27,44.81,0.0,0.7399999999999949
13,10,6,9.19,36.07,77.99,0.04,0.21,41.51,0.0,3.369999999999997
15,16,6,36.09,167.27,83.74,0.08,0.26,53.74,0.0,3.480000000000004
22,12,6,10.37,47.02,72.11,0.08,0.41,38.09,0.0,1.6700000000000017
7,18,6,28.88,123.12,79.56,0.05,0.42,52.84,0.0,-2.9199999999999875
4,17,6,36.29,153.73,82.45,0.08,0.39,52.54,0.0,0.3700000000000045
12,25,6,37.41,161.78,90.84,0.1,0.55,64.19,0.0,-1.4299999999999926
1,19,7,20.23,76.82,80.02,0.08,0.34,42.91,0.0,0.4399999999999977
22,15,7,27.96,123.09,78.79,0.1,0.47,42.78,0.0,2.0999999999999943
18,27,6,24.3,48.47,95.29,0.33,0.42,58.33,0.61,-3.0900000000000034
15,18,7,18.98,80.32,77.32,0.09,0.25,39.75,0.0,-0.1500000000000056
12,27,7,31.63,158.54,72.53,0.08,0.57,51.44,0.0,2.539999999999992
12,22,6,30.29,142.17,80.78,0.09,0.45,56.59,0.0,-0.1700000000000017
16,3,6,61.02,304.83,95.83,0.09,0.49,71.7,0.0,1.1999999999999886
14,1,6,37.63,133.8,81.43,0.08,0.45,51.19,0.0,-3.1300000000000097
19,19,7,14.55,58.86,88.86,0.1,0.39,42.67,0.0,1.1499999999999986
0,15,7,25.57,106.03,78.86,0.11,0.52,42.18,0.0,0.5900000000000034
8,21,6,23.83,115.03,74.04,0.07,0.52,49.0,0.0,0.7199999999999989
16,16,6,36.84,171.21,83.29,0.08,0.27,53.42,0.0,1.8499999999999943
18,8,6,6.41,29.72,79.73,0.06,0.22,50.44,0.0,-2.869999999999997
13,2,7,17.84,74.57,71.77,0.08,0.43,41.65,0.0,0.1000000000000014
23,9,6,4.77,19.22,75.89,0.05,0.21,42.24,0.0,1.1699999999999982
17,3,7,19.83,80.51,71.54,0.11,0.35,43.01,0.0,-0.039999999999992
12,15,7,23.03,104.23,78.01,0.06,0.4,42.66,0.0,-0.480000000000004
7,7,7,36.27,179.36,73.22,0.09,0.53,55.04,0.0,-0.8099999999999881
23,14,6,21.43,95.23,76.44,0.12,0.57,46.97,0.0,0.9500000000000028
18,30,6,21.71,107.46,69.35,0.12,0.49,38.86,0.0,-0.3599999999999994
5,13,6,13.47,60.14,76.02,0.07,0.45,43.44,0.0,1.1099999999999994
0,13,7,14.93,60.87,83.32,0.07,0.28,44.68,0.0,0.3300000000000054
17,23,7,16.15,69.44,76.73,0.08,0.43,46.8,0.0,2.6300000000000026
20,19,6,25.78,102.99,79.09,0.1,0.49,49.86,0.0,3.640000000000001
8,2,8,15.84,60.5,72.24,0.04,0.32,46.82,0.0,-0.980000000000004
17,4,7,32.7,119.11,80.06,0.09,0.3,52.67,0.02,0.8799999999999955
3,12,6,10.2,40.48,75.19,0.07,0.34,40.9,0.0,1.0399999999999991
3,12,7,17.13,67.31,74.77,0.1,0.31,41.98,0.0,1.1400000000000006
8,9,6,4.1,16.55,70.55,0.03,0.18,37.6,0.0,-0.2100000000000008
16,7,6,10.59,51.63,79.41,0.06,0.21,49.46,0.0,-2.960000000000001
3,1,7,16.58,68.67,70.9,0.1,0.38,46.8,0.0,-0.4200000000000017
14,17,6,35.27,150.25,83.15,0.07,0.36,46.27,0.0,-2.700000000000003
1,30,6,17.84,48.1,74.69,0.09,0.35,54.09,0.0,2.6899999999999977
16,17,7,21.46,100.29,77.88,0.08,0.34,40.62,0.0,-1.0799999999999983
9,24,6,33.31,147.66,79.22,0.05,0.49,50.19,0.0,0.6099999999999994
10,29,7,27.32,135.29,73.48,0.05,0.6,46.65,0.0,2.0200000000000102
5,13,7,16.73,64.45,83.29,0.07,0.25,44.15,0.0,0.9500000000000028
9,13,7,20.17,75.53,79.44,0.05,0.27,40.09,0.0,1.8299999999999983
8,29,7,25.42,125.32,71.47,0.05,0.64,47.43,0.0,2.1200000000000045
15,16,7,24.3,108.29,75.07,0.09,0.42,39.49,0.0,0.3400000000000034
12,9,6,4.26,16.68,70.1,0.03,0.18,34.88,0.0,0.120000000000001
10,2,6,45.22,180.9,87.67,0.05,0.45,57.92,0.0,2.5600000000000023
1,3,7,17.4,66.36,72.16,0.09,0.35,42.49,0.0,-0.6099999999999994
0,22,6,35.16,171.36,79.74,0.07,0.49,55.81,0.0,-4.010000000000005
11,1,8,20.21,70.6,79.94,0.05,0.38,45.08,0.0,0.2600000000000051
11,28,7,27.98,141.33,69.81,0.08,0.61,45.37,0.0,1.690000000000012
19,4,6,21.71,97.79,77.39,0.07,0.39,53.33,0.0,-0.4000000000000057
8,27,7,25.53,130.49,70.96,0.05,0.5,51.78,0.0,-0.8700000000000045
2,8,7,40.57,164.25,79.17,0.11,0.62,56.02,0.0,-1.6499999999999917
8,24,6,33.02,145.23,79.91,0.06,0.49,52.19,0.0,1.2999999999999972
14,27,7,33.32,167.8,73.38,0.09,0.57,51.24,0.0,1.8799999999999957
2,3,7,17.59,66.81,72.5,0.1,0.35,42.51,0.0,0.3999999999999986
0,11,6,11.9,47.46,77.89,0.05,0.25,47.04,0.0,-1.4400000000000048
13,1,6,38.9,132.88,81.73,0.06,0.45,49.91,0.0,-2.8599999999999994
1,14,6,20.85,87.55,78.09,0.12,0.56,44.92,0.0,1.1800000000000068
20,25,6,38.27,186.76,89.03,0.08,0.46,58.05,0.0,0.3899999999999863
0,17,6,36.04,162.33,81.95,0.08,0.39,52.22,0.0,-0.3900000000000005
15,24,7,20.0,83.28,78.55,0.09,0.39,46.38,0.0,-1.8299999999999983
21,7,6,8.54,42.93,78.36,0.05,0.22,52.13,0.0,-0.0500000000000042
18,5,7,28.53,94.5,73.16,0.12,0.53,51.31,0.0,-1.6200000000000043
20,1,6,32.51,129.69,78.65,0.09,0.55,51.65,0.0,-0.7600000000000051
17,27,6,25.77,52.58,94.7,0.34,0.45,59.35,0.64,-4.769999999999996
17,18,7,19.22,82.01,77.83,0.09,0.27,41.01,0.0,0.5
9,5,7,40.39,176.64,82.38,0.07,0.37,58.12,0.0,3.25
9,23,7,17.7,75.06,75.57,0.05,0.4,49.64,0.0,0.759999999999998
6,24,6,31.73,137.6,81.49,0.07,0.5,55.56,0.0,1.0499999999999972
20,31,7,32.31,147.71,76.05,0.1,0.5,45.26,0.0,0.7600000000000051
9,29,6,12.61,16.39,99.15,0.04,0.13,64.68,0.0,0.0200000000000031
14,10,7,24.4,118.46,74.77,0.09,0.5,43.17,0.0,-0.5899999999999892
20,8,6,5.4,24.91,79.35,0.05,0.22,49.43,0.0,-1.75
7,11,7,16.46,73.59,74.79,0.06,0.34,42.71,0.0,-2.519999999999996
22,29,6,14.3,32.2,77.98,0.09,0.29,59.21,0.0,2.020000000000003
2,22,6,32.11,157.21,77.49,0.08,0.48,53.83,0.0,-3.3200000000000074
18,15,7,24.39,108.43,79.69,0.09,0.47,44.44,0.0,1.4299999999999926
15,20,6,26.22,112.01,83.03,0.08,0.48,54.1,0.0,0.8599999999999994
9,6,7,29.08,142.97,68.97,0.06,0.6,47.69,0.0,-0.5500000000000114
21,1,7,18.16,83.17,71.73,0.1,0.39,44.14,0.0,-2.1300000000000026
10,11,6,10.22,37.73,79.3,0.03,0.25,44.59,0.0,-0.3800000000000025
21,1,6,32.45,129.32,78.52,0.09,0.57,51.01,0.0,-0.1200000000000045
6,26,7,27.55,101.04,71.26,0.05,0.42,52.36,0.0,-1.2600000000000051
0,20,6,27.0,115.22,76.97,0.09,0.5,50.94,0.0,0.3900000000000005
23,19,7,14.8,61.96,85.98,0.11,0.37,40.93,0.0,0.490000000000002
10,12,6,9.29,38.76,74.72,0.04,0.33,36.57,0.0,-1.3299999999999983
12,10,7,24.78,122.95,74.81,0.07,0.49,44.01,0.0,0.019999999999996
5,21,7,23.79,85.32,72.5,0.07,0.33,48.06,0.0,-2.1700000000000017
22,16,6,36.43,168.76,83.06,0.07,0.37,55.14,0.0,-0.789999999999992
7,4,7,26.08,88.19,71.82,0.1,0.31,42.15,0.06,-0.1499999999999914
10,30,7,32.82,155.08,68.52,0.06,0.69,49.01,0.0,0.9799999999999898
5,15,6,23.85,104.8,77.41,0.1,0.6,48.76,0.0,0.4799999999999897
19,2,7,18.06,79.07,72.79,0.1,0.38,42.86,0.0,0.7700000000000031
1,26,7,30.75,104.32,72.54,0.08,0.43,51.51,0.0,-1.0300000000000011
9,6,6,12.78,65.1,79.78,0.03,0.17,53.51,0.0,0.0
0,7,7,38.01,181.18,71.77,0.12,0.62,54.59,0.0,-2.8299999999999983
10,17,7,24.82,114.72,76.22,0.05,0.39,40.52,0.0,-0.9500000000000028
17,28,7,32.93,169.08,69.39,0.1,0.63,45.15,0.0,-0.1799999999999926
15,4,6,22.82,109.88,77.23,0.07,0.39,51.73,0.0,-1.4299999999999926
6,1,8,19.95,73.26,75.53,0.07,0.42,47.28,0.0,-1.1599999999999966
16,14,6,22.36,102.91,77.11,0.11,0.49,46.6,0.0,-1.5100000000000051
4,22,7,14.75,54.48,72.68,0.07,0.25,50.9,0.0,-0.990000000000002
7,20,6,27.42,120.81,78.99,0.05,0.48,52.77,0.0,0.25
0,6,6,9.29,46.97,75.39,0.05,0.22,50.8,0.0,0.0
4,14,7,25.27,98.74,80.89,0.08,0.36,47.45,0.0,2.25
6,16,7,29.07,127.55,76.23,0.06,0.39,41.94,0.0,-1.1299999999999957
17,17,7,21.04,98.1,78.38,0.08,0.34,40.93,0.0,-0.8800000000000097
12,24,7,23.04,96.32,76.16,0.05,0.4,44.88,0.0,-1.0899999999999892
13,6,7,30.34,147.58,73.34,0.09,0.61,49.52,0.0,1.6400000000000006
7,31,7,29.72,139.54,72.02,0.07,0.59,47.84,0.0,0.2099999999999937
13,17,7,23.16,108.35,76.95,0.07,0.36,40.09,0.0,-1.1999999999999886
